team_name,phase,count,success_rate,percent_of_total,success_rate_percentile,count_percentile,percent_of_total_percentile
Atlanta United,accelerated_possession,396,0.36363636363636365,0.03773225345402573,0.4,0.6,0.6333333333333333
Atlanta United,attacking_freekick,87,0.7931034482758621,0.00828966174368747,0.16666666666666666,0.03333333333333333,0.03333333333333333
Atlanta United,attacking_freekick_second_phase,28,0.10714285714285714,0.00266793711291091,0.06666666666666667,0.21666666666666667,0.2
Atlanta United,attacking_throw_in,132,0.5909090909090909,0.012577417818008576,0.16666666666666666,0.4,0.36666666666666664
Atlanta United,buildup,1158,0.6347150259067358,0.11033825631252978,0.7333333333333333,0.4,0.3
Atlanta United,corner,148,0.22297297297297297,0.014101953311100524,0.6666666666666666,0.23333333333333334,0.23333333333333334
Atlanta United,corner_second_phase,59,0.2711864406779661,0.00562172463077656,0.23333333333333334,0.03333333333333333,0.03333333333333333
Atlanta United,counterattack,46,0.34782608695652173,0.004383039542639352,0.18333333333333332,0.6166666666666667,0.6
Atlanta United,finishing,666,0.3303303303303303,0.06345878989995236,0.1,0.7666666666666667,0.8
Atlanta United,high_transition,270,0.43333333333333335,0.02572653644592663,1.0,0.23333333333333334,0.13333333333333333
Atlanta United,kickoff,141,0.49645390070921985,0.013434969032872796,0.3333333333333333,0.9666666666666667,0.9666666666666667
Atlanta United,long_goalkick,75,0.5466666666666666,0.007146260123868509,0.9666666666666667,0.43333333333333335,0.43333333333333335
Atlanta United,penalty,4,0.0,0.00038113387327298715,0.5166666666666667,0.38333333333333336,0.36666666666666664
Atlanta United,possession_freekick,309,0.6051779935275081,0.029442591710338258,0.13333333333333333,0.43333333333333335,0.36666666666666664
Atlanta United,possession_throw_in,417,0.48201438848920863,0.03973320628870891,0.43333333333333335,0.6666666666666666,0.6
Atlanta United,progression,1626,0.4821648216482165,0.15493091948546928,0.8666666666666667,0.6,0.7
Atlanta United,securing_possession,883,0.578708946772367,0.0841353025250119,0.9666666666666667,0.6333333333333333,0.6333333333333333
Atlanta United,short_goalkick,167,0.5688622754491018,0.015912339209147214,0.7333333333333333,0.5333333333333333,0.5666666666666667
Austin FC,accelerated_possession,363,0.418732782369146,0.03728047653281298,0.9,0.3333333333333333,0.5333333333333333
Austin FC,attacking_freekick,138,0.7608695652173914,0.014172743144705761,0.03333333333333333,0.6333333333333333,0.7333333333333333
Austin FC,attacking_freekick_second_phase,34,0.2647058823529412,0.003491835267536202,0.4666666666666667,0.5666666666666667,0.5666666666666667
Austin FC,attacking_throw_in,117,0.7948717948717948,0.012016021361815754,0.9666666666666667,0.16666666666666666,0.3
Austin FC,buildup,1152,0.6354166666666666,0.11831159494710897,0.7666666666666667,0.3,0.8
Austin FC,corner,153,0.2549019607843137,0.015713258703912908,0.9666666666666667,0.31666666666666665,0.6
Austin FC,corner_second_phase,62,0.3064516129032258,0.006367464311389545,0.4166666666666667,0.15,0.23333333333333334
Austin FC,counterattack,43,0.46511627906976744,0.004416144603060491,0.9,0.5166666666666667,0.7
Austin FC,finishing,498,0.3634538152610442,0.051145116565677315,0.5666666666666667,0.13333333333333333,0.23333333333333334
Austin FC,high_transition,285,0.3508771929824561,0.029269795624935813,0.36666666666666664,0.35,0.5666666666666667
Austin FC,kickoff,109,0.4954128440366973,0.011194413063571941,0.2833333333333333,0.31666666666666665,0.6
Austin FC,long_goalkick,157,0.42038216560509556,0.016124062853034814,0.6333333333333333,0.9,0.9333333333333333
Austin FC,penalty,2,0.0,0.00020540207456095307,0.5166666666666667,0.03333333333333333,0.03333333333333333
Austin FC,possession_freekick,263,0.6083650190114068,0.02701037280476533,0.2,0.1,0.23333333333333334
Austin FC,possession_throw_in,375,0.496,0.0385128889801787,0.6,0.13333333333333333,0.4
Austin FC,progression,1404,0.4024216524216524,0.14419225634178906,0.06666666666666667,0.16666666666666666,0.3333333333333333
Austin FC,securing_possession,818,0.5635696821515892,0.08400944849542981,0.6333333333333333,0.2,0.6
Austin FC,short_goalkick,120,0.5916666666666667,0.012324124473657183,0.9,0.16666666666666666,0.26666666666666666
CF Montreal,accelerated_possession,378,0.35185185185185186,0.036245085818391025,0.26666666666666666,0.4666666666666667,0.4
CF Montreal,attacking_freekick,150,0.8133333333333334,0.014382970562853582,0.4,0.7666666666666667,0.8
CF Montreal,attacking_freekick_second_phase,31,0.3548387096774194,0.0029724805829897403,0.9166666666666666,0.36666666666666664,0.43333333333333335
CF Montreal,attacking_throw_in,125,0.672,0.011985808802377984,0.43333333333333335,0.23333333333333334,0.23333333333333334
CF Montreal,buildup,1171,0.5397096498719044,0.11228305686067695,0.03333333333333333,0.4666666666666667,0.43333333333333335
CF Montreal,corner,168,0.17857142857142858,0.01610892703039601,0.26666666666666666,0.6166666666666667,0.7333333333333333
CF Montreal,corner_second_phase,77,0.4025974025974026,0.007383258222264839,0.8833333333333333,0.5,0.5666666666666667
CF Montreal,counterattack,35,0.45714285714285713,0.0033560264646658356,0.8666666666666667,0.11666666666666667,0.16666666666666666
CF Montreal,finishing,450,0.3466666666666667,0.04314891168856074,0.23333333333333334,0.1,0.1
CF Montreal,high_transition,320,0.315625,0.030683670534087642,0.06666666666666667,0.65,0.7
CF Montreal,kickoff,128,0.6171875,0.012273468213635057,0.9333333333333333,0.7666666666666667,0.8333333333333334
CF Montreal,long_goalkick,45,0.26666666666666666,0.0043148911688560745,0.03333333333333333,0.13333333333333333,0.13333333333333333
CF Montreal,penalty,4,0.0,0.0003835458816760955,0.5166666666666667,0.38333333333333336,0.4
CF Montreal,possession_freekick,321,0.6448598130841121,0.030779557004506665,0.5333333333333333,0.5333333333333333,0.5333333333333333
CF Montreal,possession_throw_in,420,0.47619047619047616,0.04027231757599003,0.3333333333333333,0.7,0.6666666666666666
CF Montreal,progression,1476,0.43089430894308944,0.14152843033847923,0.23333333333333334,0.25,0.23333333333333334
CF Montreal,securing_possession,953,0.5162644281217209,0.09137980630932975,0.1,0.8666666666666667,1.0
CF Montreal,short_goalkick,182,0.5659340659340659,0.017451337616262344,0.7,0.8166666666666667,0.8333333333333334
Charlotte,accelerated_possession,409,0.3374083129584352,0.04106425702811245,0.13333333333333333,0.7666666666666667,0.9333333333333333
Charlotte,attacking_freekick,120,0.8583333333333333,0.012048192771084338,0.7333333333333333,0.4,0.5333333333333333
Charlotte,attacking_freekick_second_phase,39,0.20512820512820512,0.00391566265060241,0.3,0.6,0.6666666666666666
Charlotte,attacking_throw_in,136,0.6617647058823529,0.013654618473895583,0.36666666666666664,0.5833333333333334,0.6333333333333333
Charlotte,buildup,1208,0.640728476821192,0.121285140562249,0.8,0.6666666666666666,0.9
Charlotte,corner,132,0.17424242424242425,0.01325301204819277,0.2,0.06666666666666667,0.1
Charlotte,corner_second_phase,61,0.2459016393442623,0.006124497991967871,0.06666666666666667,0.08333333333333333,0.16666666666666666
Charlotte,counterattack,50,0.38,0.0050200803212851405,0.4666666666666667,0.7666666666666667,0.8333333333333334
Charlotte,finishing,555,0.3567567567567568,0.05572289156626506,0.5,0.4,0.5333333333333333
Charlotte,high_transition,235,0.3191489361702128,0.02359437751004016,0.1,0.03333333333333333,0.03333333333333333
Charlotte,kickoff,104,0.47115384615384615,0.010441767068273093,0.16666666666666666,0.26666666666666666,0.36666666666666664
Charlotte,long_goalkick,66,0.3333333333333333,0.006626506024096385,0.16666666666666666,0.3333333333333333,0.3333333333333333
Charlotte,penalty,5,0.0,0.000502008032128514,0.5166666666666667,0.6166666666666667,0.7
Charlotte,possession_freekick,336,0.6547619047619048,0.033734939759036145,0.6333333333333333,0.7,0.8666666666666667
Charlotte,possession_throw_in,438,0.4908675799086758,0.04397590361445783,0.5333333333333333,0.8,0.9666666666666667
Charlotte,progression,1476,0.47560975609756095,0.14819277108433734,0.7333333333333333,0.25,0.4666666666666667
Charlotte,securing_possession,833,0.5642256902761105,0.08363453815261045,0.6666666666666666,0.26666666666666666,0.5
Charlotte,short_goalkick,195,0.5487179487179488,0.01957831325301205,0.5666666666666667,0.9666666666666667,1.0
Chicago Fire,accelerated_possession,380,0.35,0.03754198774945663,0.23333333333333334,0.5,0.5666666666666667
Chicago Fire,attacking_freekick,119,0.8151260504201681,0.011756569847856155,0.43333333333333335,0.35,0.43333333333333335
Chicago Fire,attacking_freekick_second_phase,28,0.2857142857142857,0.0027662517289073307,0.6166666666666667,0.21666666666666667,0.3
Chicago Fire,attacking_throw_in,134,0.7238805970149254,0.013238490416913653,0.7,0.4666666666666667,0.5333333333333333
Chicago Fire,buildup,1248,0.6105769230769231,0.12329579134558388,0.4666666666666667,0.8333333333333334,0.9333333333333333
Chicago Fire,corner,153,0.20915032679738563,0.015115589804386485,0.5666666666666667,0.31666666666666665,0.43333333333333335
Chicago Fire,corner_second_phase,65,0.38461538461538464,0.00642165579924916,0.8333333333333334,0.2,0.26666666666666666
Chicago Fire,counterattack,40,0.45,0.003951788184153329,0.8333333333333334,0.36666666666666664,0.36666666666666664
Chicago Fire,finishing,522,0.40804597701149425,0.051570835803200946,0.9333333333333333,0.23333333333333334,0.3333333333333333
Chicago Fire,high_transition,269,0.36059479553903345,0.02657577553843114,0.6333333333333333,0.2,0.23333333333333334
Chicago Fire,kickoff,120,0.55,0.011855364552459988,0.5333333333333333,0.7,0.7666666666666667
Chicago Fire,long_goalkick,87,0.3563218390804598,0.008595139300533492,0.3,0.5833333333333334,0.6333333333333333
Chicago Fire,penalty,6,0.0,0.0005927682276229994,0.5166666666666667,0.75,0.7666666666666667
Chicago Fire,possession_freekick,318,0.6698113207547169,0.03141671606401897,0.7,0.5,0.6666666666666666
Chicago Fire,possession_throw_in,393,0.4351145038167939,0.03882631890930646,0.06666666666666667,0.3,0.5
Chicago Fire,progression,1393,0.44508255563531945,0.1376210235131397,0.36666666666666664,0.13333333333333333,0.13333333333333333
Chicago Fire,securing_possession,781,0.5544174135723432,0.07715866429559376,0.4666666666666667,0.03333333333333333,0.06666666666666667
Chicago Fire,short_goalkick,188,0.4574468085106383,0.018573404465520648,0.06666666666666667,0.9,0.9333333333333333
Cincinnati,accelerated_possession,359,0.3871866295264624,0.03352633545013074,0.7666666666666667,0.3,0.26666666666666666
Cincinnati,attacking_freekick,134,0.8283582089552238,0.01251400821815465,0.5333333333333333,0.6,0.5666666666666667
Cincinnati,attacking_freekick_second_phase,31,0.22580645161290322,0.0028950317519611506,0.4,0.36666666666666664,0.36666666666666664
Cincinnati,attacking_throw_in,135,0.6296296296296297,0.012607396339185655,0.23333333333333334,0.5166666666666667,0.4
Cincinnati,buildup,1235,0.5692307692307692,0.115334329473291,0.06666666666666667,0.7333333333333333,0.6333333333333333
Cincinnati,corner,142,0.18309859154929578,0.01326111318640269,0.3,0.2,0.13333333333333333
Cincinnati,corner_second_phase,62,0.3064516129032258,0.005790063503922301,0.4166666666666667,0.15,0.06666666666666667
Cincinnati,counterattack,37,0.40540540540540543,0.0034553604781471796,0.5666666666666667,0.25,0.23333333333333334
Cincinnati,finishing,561,0.3850267379679144,0.05239073589839372,0.8,0.43333333333333335,0.36666666666666664
Cincinnati,high_transition,310,0.4064516129032258,0.028950317519611506,0.9,0.6,0.5
Cincinnati,kickoff,103,0.5728155339805825,0.0096189764661935,0.7333333333333333,0.23333333333333334,0.2
Cincinnati,long_goalkick,96,0.4270833333333333,0.008965259618976467,0.6666666666666666,0.7,0.6666666666666666
Cincinnati,penalty,3,0.0,0.0002801643630930146,0.5166666666666667,0.15,0.1
Cincinnati,possession_freekick,306,0.6699346405228758,0.028576765035487485,0.7333333333333333,0.38333333333333336,0.3333333333333333
Cincinnati,possession_throw_in,451,0.43902439024390244,0.04211804258498319,0.1,0.9,0.8333333333333334
Cincinnati,progression,1564,0.4469309462915601,0.1460590212924916,0.43333333333333335,0.4666666666666667,0.4
Cincinnati,securing_possession,847,0.5407319952774499,0.07909973851326112,0.3,0.4166666666666667,0.2
Cincinnati,short_goalkick,162,0.5432098765432098,0.015128875607022786,0.5333333333333333,0.4666666666666667,0.4666666666666667
Colorado Rapids,accelerated_possession,320,0.353125,0.030828516377649325,0.3333333333333333,0.16666666666666666,0.16666666666666666
Colorado Rapids,attacking_freekick,163,0.8098159509202454,0.015703275529865127,0.36666666666666664,0.8666666666666667,0.9
Colorado Rapids,attacking_freekick_second_phase,45,0.15555555555555556,0.004335260115606936,0.13333333333333333,0.7666666666666667,0.7333333333333333
Colorado Rapids,attacking_throw_in,138,0.7318840579710145,0.013294797687861272,0.7666666666666667,0.6333333333333333,0.5666666666666667
Colorado Rapids,buildup,1040,0.6211538461538462,0.1001926782273603,0.6,0.1,0.1
Colorado Rapids,corner,168,0.23809523809523808,0.016184971098265895,0.8,0.6166666666666667,0.7666666666666667
Colorado Rapids,corner_second_phase,91,0.21978021978021978,0.008766859344894027,0.03333333333333333,0.9,0.9666666666666667
Colorado Rapids,counterattack,59,0.4067796610169492,0.0056840077071290945,0.6,0.95,0.9666666666666667
Colorado Rapids,finishing,551,0.3647912885662432,0.05308285163776493,0.6333333333333333,0.36666666666666664,0.43333333333333335
Colorado Rapids,high_transition,327,0.3577981651376147,0.0315028901734104,0.4666666666666667,0.7333333333333333,0.7666666666666667
Colorado Rapids,kickoff,115,0.4782608695652174,0.011078998073217727,0.2,0.5,0.5333333333333333
Colorado Rapids,long_goalkick,139,0.460431654676259,0.013391136801541427,0.8,0.8333333333333334,0.8333333333333334
Colorado Rapids,penalty,11,0.0,0.0010597302504816955,0.5166666666666667,0.9833333333333333,1.0
Colorado Rapids,possession_freekick,264,0.6060606060606061,0.025433526011560695,0.16666666666666666,0.13333333333333333,0.1
Colorado Rapids,possession_throw_in,490,0.5,0.04720616570327553,0.7166666666666667,0.9833333333333333,1.0
Colorado Rapids,progression,1486,0.4199192462987887,0.14315992292870905,0.13333333333333333,0.3,0.3
Colorado Rapids,securing_possession,841,0.5648038049940547,0.08102119460500963,0.7666666666666667,0.36666666666666664,0.3
Colorado Rapids,short_goalkick,144,0.5555555555555556,0.013872832369942197,0.6333333333333333,0.38333333333333336,0.36666666666666664
Columbus Crew,accelerated_possession,442,0.3778280542986425,0.040483605055871036,0.7,0.8666666666666667,0.8666666666666667
Columbus Crew,attacking_freekick,108,0.7962962962962963,0.009891921597362154,0.2,0.16666666666666666,0.16666666666666666
Columbus Crew,attacking_freekick_second_phase,29,0.3103448275862069,0.002656164132625023,0.7,0.3,0.16666666666666666
Columbus Crew,attacking_throw_in,135,0.725925925925926,0.012364901996702694,0.7333333333333333,0.5166666666666667,0.3333333333333333
Columbus Crew,buildup,1270,0.6677165354330709,0.11632167063564755,1.0,0.8666666666666667,0.6666666666666666
Columbus Crew,corner,164,0.09146341463414634,0.015021066129327717,0.03333333333333333,0.5333333333333333,0.4
Columbus Crew,corner_second_phase,94,0.2765957446808511,0.008609635464370763,0.26666666666666666,0.95,0.9
Columbus Crew,counterattack,36,0.4166666666666667,0.003297307199120718,0.6666666666666666,0.18333333333333332,0.13333333333333333
Columbus Crew,finishing,819,0.38705738705738707,0.07501373877999634,0.8333333333333334,1.0,1.0
Columbus Crew,high_transition,373,0.4075067024128686,0.03416376625755633,0.9333333333333333,1.0,1.0
Columbus Crew,kickoff,119,0.6554621848739496,0.010899432130426817,1.0,0.6333333333333333,0.4666666666666667
Columbus Crew,long_goalkick,35,0.4,0.0032057153324784758,0.4666666666666667,0.06666666666666667,0.06666666666666667
Columbus Crew,penalty,5,0.0,0.0004579593332112108,0.5166666666666667,0.6166666666666667,0.5666666666666667
Columbus Crew,possession_freekick,363,0.696969696969697,0.03324784759113391,0.9,0.9333333333333333,0.8333333333333334
Columbus Crew,possession_throw_in,387,0.5193798449612403,0.03544605239054772,0.8,0.23333333333333334,0.2
Columbus Crew,progression,1894,0.4778247096092925,0.17347499542040667,0.8,1.0,1.0
Columbus Crew,securing_possession,815,0.5521472392638037,0.07464737131342737,0.4,0.16666666666666666,0.03333333333333333
Columbus Crew,short_goalkick,160,0.53125,0.014654698662758746,0.4,0.43333333333333335,0.43333333333333335
DC United,accelerated_possession,314,0.33121019108280253,0.03055366352048263,0.1,0.13333333333333333,0.13333333333333333
DC United,attacking_freekick,152,0.8026315789473685,0.01479030845577503,0.3,0.8166666666666667,0.8333333333333334
DC United,attacking_freekick_second_phase,45,0.26666666666666666,0.004378709740196556,0.5166666666666667,0.7666666666666667,0.7666666666666667
DC United,attacking_throw_in,155,0.7161290322580646,0.015082222438454801,0.6666666666666666,0.7833333333333333,0.8333333333333334
DC United,buildup,1175,0.5965957446808511,0.11433297654957672,0.3,0.5333333333333333,0.5666666666666667
DC United,corner,141,0.1702127659574468,0.013719957185949207,0.16666666666666666,0.15,0.2
DC United,corner_second_phase,74,0.25675675675675674,0.007200544906101002,0.16666666666666666,0.36666666666666664,0.43333333333333335
DC United,counterattack,51,0.4117647058823529,0.0049625377055560966,0.6333333333333333,0.8,0.7666666666666667
DC United,finishing,425,0.3764705882352941,0.041354480879634135,0.7,0.06666666666666667,0.06666666666666667
DC United,high_transition,289,0.35986159169550175,0.02812104699815121,0.5666666666666667,0.4,0.43333333333333335
DC United,kickoff,133,0.5714285714285714,0.012941519898803152,0.7,0.9333333333333333,0.9
DC United,long_goalkick,158,0.4620253164556962,0.015374136421134572,0.8333333333333334,0.9333333333333333,0.9
DC United,penalty,3,0.0,0.0002919139826797704,0.5166666666666667,0.15,0.16666666666666666
DC United,possession_freekick,282,0.5957446808510638,0.027439914371898414,0.06666666666666667,0.23333333333333334,0.26666666666666666
DC United,possession_throw_in,398,0.48743718592964824,0.0387272550355162,0.4666666666666667,0.35,0.4666666666666667
DC United,progression,1416,0.394774011299435,0.1377833998248516,0.03333333333333333,0.2,0.16666666666666666
DC United,securing_possession,894,0.4742729306487696,0.08699036683857157,0.03333333333333333,0.7666666666666667,0.8333333333333334
DC United,short_goalkick,82,0.4878048780487805,0.007978982193247056,0.2,0.03333333333333333,0.03333333333333333
FC Dallas,accelerated_possession,336,0.3482142857142857,0.03346280250971019,0.2,0.23333333333333334,0.23333333333333334
FC Dallas,attacking_freekick,168,0.7797619047619048,0.016731401254855095,0.13333333333333333,0.9166666666666666,0.9333333333333333
FC Dallas,attacking_freekick_second_phase,53,0.2830188679245283,0.005278358729210238,0.5666666666666667,0.9333333333333333,0.9666666666666667
FC Dallas,attacking_throw_in,110,0.6909090909090909,0.010955084154964646,0.5333333333333333,0.06666666666666667,0.1
FC Dallas,buildup,1114,0.5879712746858169,0.11094512498755105,0.23333333333333334,0.23333333333333334,0.3333333333333333
FC Dallas,corner,126,0.1349206349206349,0.01254855094114132,0.1,0.03333333333333333,0.03333333333333333
FC Dallas,corner_second_phase,61,0.26229508196721313,0.006075092122298576,0.2,0.08333333333333333,0.13333333333333333
FC Dallas,counterattack,40,0.35,0.003983666965441689,0.23333333333333334,0.36666666666666664,0.43333333333333335
FC Dallas,finishing,499,0.36472945891783565,0.04969624539388507,0.6,0.16666666666666666,0.16666666666666666
FC Dallas,high_transition,297,0.3602693602693603,0.02957872721840454,0.6,0.5,0.6333333333333333
FC Dallas,kickoff,119,0.5126050420168067,0.011851409222189024,0.43333333333333335,0.6333333333333333,0.7333333333333333
FC Dallas,long_goalkick,171,0.40350877192982454,0.01703017627726322,0.5,0.9666666666666667,1.0
FC Dallas,penalty,5,0.0,0.0004979583706802111,0.5166666666666667,0.6166666666666667,0.6666666666666666
FC Dallas,possession_freekick,305,0.6196721311475409,0.03037546061149288,0.3333333333333333,0.3333333333333333,0.5
FC Dallas,possession_throw_in,407,0.4914004914004914,0.040533811373369186,0.5666666666666667,0.5833333333333334,0.7333333333333333
FC Dallas,progression,1312,0.4763719512195122,0.1306642764664874,0.7666666666666667,0.06666666666666667,0.06666666666666667
FC Dallas,securing_possession,796,0.5552763819095478,0.07927497261228961,0.5333333333333333,0.06666666666666667,0.23333333333333334
FC Dallas,short_goalkick,132,0.6136363636363636,0.013146100985957573,0.9666666666666667,0.3,0.3
Houston Dynamo,accelerated_possession,307,0.3583061889250814,0.031047734627831714,0.36666666666666664,0.1,0.2
Houston Dynamo,attacking_freekick,140,0.8642857142857143,0.014158576051779935,0.8333333333333334,0.6666666666666666,0.7
Houston Dynamo,attacking_freekick_second_phase,45,0.26666666666666666,0.0045509708737864075,0.5166666666666667,0.7666666666666667,0.8666666666666667
Houston Dynamo,attacking_throw_in,132,0.7878787878787878,0.013349514563106795,0.9333333333333333,0.4,0.6
Houston Dynamo,buildup,1153,0.5836947094535994,0.11660598705501618,0.13333333333333333,0.3333333333333333,0.7
Houston Dynamo,corner,168,0.25,0.01699029126213592,0.9166666666666666,0.6166666666666667,0.8333333333333334
Houston Dynamo,corner_second_phase,81,0.35802469135802467,0.008191747572815534,0.7333333333333333,0.6333333333333333,0.8
Houston Dynamo,counterattack,37,0.5675675675675675,0.0037419093851132684,0.9666666666666667,0.25,0.26666666666666666
Houston Dynamo,finishing,579,0.39378238341968913,0.05855582524271845,0.9,0.4666666666666667,0.6666666666666666
Houston Dynamo,high_transition,259,0.3590733590733591,0.02619336569579288,0.5333333333333333,0.1,0.2
Houston Dynamo,kickoff,116,0.5689655172413793,0.011731391585760517,0.6333333333333333,0.5333333333333333,0.7
Houston Dynamo,long_goalkick,77,0.3246753246753247,0.007787216828478965,0.13333333333333333,0.5,0.5333333333333333
Houston Dynamo,penalty,4,0.0,0.0004045307443365696,0.5166666666666667,0.38333333333333336,0.4666666666666667
Houston Dynamo,possession_freekick,345,0.6144927536231884,0.034890776699029125,0.23333333333333334,0.8,0.9333333333333333
Houston Dynamo,possession_throw_in,401,0.5286783042394015,0.0405542071197411,0.8666666666666667,0.4,0.7666666666666667
Houston Dynamo,progression,1495,0.4461538461538462,0.1511933656957929,0.4,0.36666666666666664,0.5333333333333333
Houston Dynamo,securing_possession,832,0.5324519230769231,0.08414239482200647,0.13333333333333333,0.23333333333333334,0.6666666666666666
Houston Dynamo,short_goalkick,143,0.4965034965034965,0.014461974110032362,0.23333333333333334,0.3333333333333333,0.4
Inter Miami,accelerated_possession,447,0.41834451901565994,0.041058142739046566,0.8666666666666667,0.9333333333333333,0.9
Inter Miami,attacking_freekick,106,0.9056603773584906,0.009736382841921559,1.0,0.13333333333333333,0.13333333333333333
Inter Miami,attacking_freekick_second_phase,32,0.375,0.0029392853862404704,1.0,0.4666666666666667,0.4
Inter Miami,attacking_throw_in,115,0.6434782608695652,0.01056305685680169,0.3,0.1,0.03333333333333333
Inter Miami,buildup,1370,0.6489051094890511,0.12583815559842013,0.8333333333333334,0.9666666666666667,0.9666666666666667
Inter Miami,corner,168,0.18452380952380953,0.015431248277762469,0.3333333333333333,0.6166666666666667,0.5
Inter Miami,corner_second_phase,69,0.463768115942029,0.006337834114081014,1.0,0.3,0.2
Inter Miami,counterattack,35,0.34285714285714286,0.0032148433912005145,0.13333333333333333,0.11666666666666667,0.1
Inter Miami,finishing,688,0.34593023255813954,0.0631946358041701,0.2,0.8333333333333334,0.7333333333333333
Inter Miami,high_transition,370,0.3972972972972973,0.03398548727840544,0.8666666666666667,0.9666666666666667,0.9666666666666667
Inter Miami,kickoff,121,0.5537190082644629,0.011114172866721778,0.5666666666666667,0.7333333333333333,0.5666666666666667
Inter Miami,long_goalkick,44,0.4772727272727273,0.004041517406080646,0.9,0.1,0.1
Inter Miami,penalty,4,0.0,0.0003674106732800588,0.5166666666666667,0.38333333333333336,0.3333333333333333
Inter Miami,possession_freekick,327,0.6850152905198776,0.030035822540644807,0.7666666666666667,0.6,0.4
Inter Miami,possession_throw_in,376,0.523936170212766,0.03453660328832553,0.8333333333333334,0.16666666666666666,0.1
Inter Miami,progression,1791,0.44276940256839753,0.16450812896114633,0.3,0.9333333333333333,0.9333333333333333
Inter Miami,securing_possession,886,0.5733634311512416,0.08138146413153302,0.9333333333333333,0.6666666666666666,0.36666666666666664
Inter Miami,short_goalkick,165,0.5818181818181818,0.015155690272802424,0.8,0.5,0.5
LA Galaxy,accelerated_possession,370,0.42702702702702705,0.03668815071888944,1.0,0.36666666666666664,0.43333333333333335
LA Galaxy,attacking_freekick,113,0.831858407079646,0.011204759543877046,0.5666666666666667,0.23333333333333334,0.3333333333333333
LA Galaxy,attacking_freekick_second_phase,32,0.3125,0.003173029251363411,0.7666666666666667,0.4666666666666667,0.5
LA Galaxy,attacking_throw_in,107,0.6728971962616822,0.010609816559246405,0.4666666666666667,0.03333333333333333,0.06666666666666667
LA Galaxy,buildup,1178,0.5823429541595926,0.11680713931581557,0.1,0.5666666666666667,0.7666666666666667
LA Galaxy,corner,184,0.13043478260869565,0.018244918195339615,0.06666666666666667,0.9,0.9333333333333333
LA Galaxy,corner_second_phase,87,0.2988505747126437,0.008626673277144274,0.36666666666666664,0.8333333333333334,0.9333333333333333
LA Galaxy,counterattack,46,0.34782608695652173,0.004561229548834904,0.18333333333333332,0.6166666666666667,0.7333333333333333
LA Galaxy,finishing,638,0.38087774294670845,0.063262270699058,0.7666666666666667,0.7,0.7666666666666667
LA Galaxy,high_transition,275,0.38181818181818183,0.027268220128904314,0.8333333333333334,0.26666666666666666,0.3333333333333333
LA Galaxy,kickoff,131,0.6106870229007634,0.012989588497768963,0.9,0.85,0.9333333333333333
LA Galaxy,long_goalkick,64,0.390625,0.006346058502726822,0.4,0.3,0.3
LA Galaxy,penalty,3,0.0,0.0002974714923153198,0.5166666666666667,0.15,0.23333333333333334
LA Galaxy,possession_freekick,306,0.6274509803921569,0.030342092216162617,0.4,0.38333333333333336,0.4666666666666667
LA Galaxy,possession_throw_in,407,0.47665847665847666,0.04035696579077838,0.36666666666666664,0.5833333333333334,0.7
LA Galaxy,progression,1601,0.4509681449094316,0.15875061973227567,0.5666666666666667,0.5666666666666667,0.8
LA Galaxy,securing_possession,838,0.581145584725537,0.08309370352007933,1.0,0.3333333333333333,0.4
LA Galaxy,short_goalkick,172,0.45348837209302323,0.017055032226078334,0.03333333333333333,0.6,0.7
LAFC,accelerated_possession,406,0.3694581280788177,0.03869614944719787,0.5666666666666667,0.6833333333333333,0.6666666666666666
LAFC,attacking_freekick,99,0.8585858585858586,0.009435760579489135,0.7666666666666667,0.1,0.1
LAFC,attacking_freekick_second_phase,28,0.35714285714285715,0.002668699961875715,0.9666666666666667,0.21666666666666667,0.23333333333333334
LAFC,attacking_throw_in,123,0.5284552845528455,0.011723217689668318,0.06666666666666667,0.2,0.16666666666666666
LAFC,buildup,1174,0.6277683134582623,0.11189477697293176,0.6333333333333333,0.5,0.4
LAFC,corner,154,0.2077922077922078,0.014677849790316432,0.5,0.36666666666666664,0.3
LAFC,corner_second_phase,77,0.2857142857142857,0.007338924895158216,0.3,0.5,0.4666666666666667
LAFC,counterattack,36,0.3611111111111111,0.003431185665268776,0.36666666666666664,0.18333333333333332,0.2
LAFC,finishing,674,0.35311572700296734,0.06423942051086542,0.3333333333333333,0.8,0.8333333333333334
LAFC,high_transition,305,0.3639344262295082,0.029069767441860465,0.6666666666666666,0.5666666666666667,0.5333333333333333
LAFC,kickoff,90,0.5111111111111111,0.00857796416317194,0.4,0.06666666666666667,0.1
LAFC,long_goalkick,74,0.40540540540540543,0.007052992756385818,0.5333333333333333,0.36666666666666664,0.4
LAFC,penalty,9,0.0,0.000857796416317194,0.5166666666666667,0.9,0.9
LAFC,possession_freekick,316,0.6455696202531646,0.030118185284025923,0.5666666666666667,0.4666666666666667,0.43333333333333335
LAFC,possession_throw_in,398,0.4748743718592965,0.0379336637438048,0.3,0.35,0.3
LAFC,progression,1715,0.48746355685131193,0.16345787266488754,0.9,0.8333333333333334,0.8666666666666667
LAFC,securing_possession,891,0.5645342312008979,0.0849218452154022,0.7,0.7333333333333333,0.7333333333333333
LAFC,short_goalkick,128,0.5390625,0.012199771254288982,0.5,0.21666666666666667,0.2
Minnesota United,accelerated_possession,242,0.3677685950413223,0.024800163968026236,0.5,0.03333333333333333,0.03333333333333333
Minnesota United,attacking_freekick,247,0.8502024291497976,0.02531256405001025,0.7,1.0,1.0
Minnesota United,attacking_freekick_second_phase,74,0.3108108108108108,0.007583521213363394,0.7333333333333333,1.0,1.0
Minnesota United,attacking_throw_in,184,0.8478260869565217,0.01885632301701168,1.0,0.9333333333333333,0.9666666666666667
Minnesota United,buildup,1024,0.5888671875,0.10493953679032589,0.26666666666666666,0.06666666666666667,0.2
Minnesota United,corner,155,0.23225806451612904,0.015884402541504406,0.7666666666666667,0.4,0.6666666666666666
Minnesota United,corner_second_phase,73,0.3424657534246575,0.007481041196966591,0.6333333333333333,0.3333333333333333,0.6333333333333333
Minnesota United,counterattack,59,0.3559322033898305,0.006046320967411355,0.26666666666666666,0.95,1.0
Minnesota United,finishing,386,0.4119170984455959,0.03955728632916581,0.9666666666666667,0.03333333333333333,0.03333333333333333
Minnesota United,high_transition,248,0.3467741935483871,0.02541504406640705,0.3,0.06666666666666667,0.1
Minnesota United,kickoff,94,0.46808510638297873,0.009633121541299446,0.13333333333333333,0.13333333333333333,0.23333333333333334
Minnesota United,long_goalkick,112,0.5535714285714286,0.011477761836441894,1.0,0.7666666666666667,0.8
Minnesota United,penalty,4,0.0,0.0004099200655872105,0.5166666666666667,0.38333333333333336,0.5
Minnesota United,possession_freekick,144,0.5625,0.014757122361139578,0.03333333333333333,0.03333333333333333,0.03333333333333333
Minnesota United,possession_throw_in,330,0.4696969696969697,0.033818405410944864,0.26666666666666666,0.03333333333333333,0.03333333333333333
Minnesota United,progression,1209,0.41025641025641024,0.12389833982373437,0.1,0.03333333333333333,0.03333333333333333
Minnesota United,securing_possession,860,0.5372093023255814,0.08813281410125026,0.2,0.5,0.9
Minnesota United,short_goalkick,169,0.5502958579881657,0.017319122771059643,0.6,0.5666666666666667,0.7666666666666667
Nashville SC,accelerated_possession,406,0.37192118226600984,0.039815632048641754,0.6333333333333333,0.6833333333333333,0.7666666666666667
Nashville SC,attacking_freekick,93,0.8064516129032258,0.009120329508679022,0.3333333333333333,0.06666666666666667,0.06666666666666667
Nashville SC,attacking_freekick_second_phase,21,0.047619047619047616,0.002059429243895263,0.03333333333333333,0.03333333333333333,0.03333333333333333
Nashville SC,attacking_throw_in,177,0.6666666666666666,0.017358046484260075,0.4,0.9,0.9333333333333333
Nashville SC,buildup,1229,0.628966639544345,0.12052564479748946,0.6666666666666666,0.7,0.8666666666666667
Nashville SC,corner,182,0.2967032967032967,0.017848386780425614,1.0,0.8666666666666667,0.9
Nashville SC,corner_second_phase,75,0.25333333333333335,0.0073551044424830835,0.1,0.4166666666666667,0.5
Nashville SC,counterattack,40,0.4,0.003922722369324311,0.5166666666666667,0.36666666666666664,0.3333333333333333
Nashville SC,finishing,523,0.35372848948374763,0.051289594978915366,0.36666666666666664,0.26666666666666666,0.3
Nashville SC,high_transition,277,0.33574007220216606,0.027164852407570855,0.23333333333333334,0.3,0.3
Nashville SC,kickoff,97,0.5360824742268041,0.009512601745611454,0.4666666666666667,0.16666666666666666,0.16666666666666666
Nashville SC,long_goalkick,54,0.3148148148148148,0.00529567519858782,0.1,0.16666666666666666,0.2
Nashville SC,penalty,10,0.0,0.0009806805923310777,0.5166666666666667,0.9333333333333333,0.9333333333333333
Nashville SC,possession_freekick,280,0.6964285714285714,0.02745905658527018,0.8666666666666667,0.2,0.3
Nashville SC,possession_throw_in,433,0.5288683602771362,0.04246346964793567,0.9,0.7666666666666667,0.8666666666666667
Nashville SC,progression,1540,0.4344155844155844,0.15102481121898598,0.26666666666666666,0.4,0.5
Nashville SC,securing_possession,803,0.547945205479452,0.07874865156418555,0.36666666666666664,0.1,0.16666666666666666
Nashville SC,short_goalkick,175,0.4742857142857143,0.01716191036579386,0.1,0.65,0.7333333333333333
New England Revolution,accelerated_possession,393,0.37150127226463103,0.036911806142575374,0.6,0.5333333333333333,0.4666666666666667
New England Revolution,attacking_freekick,119,0.773109243697479,0.011176857330703484,0.1,0.35,0.3
New England Revolution,attacking_freekick_second_phase,27,0.25925925925925924,0.00253592561284869,0.43333333333333335,0.13333333333333333,0.13333333333333333
New England Revolution,attacking_throw_in,136,0.5808823529411765,0.012773551235089697,0.13333333333333333,0.5833333333333334,0.4666666666666667
New England Revolution,buildup,1242,0.6006441223832528,0.11665257819103973,0.3333333333333333,0.8,0.7333333333333333
New England Revolution,corner,170,0.17647058823529413,0.01596693904386212,0.23333333333333334,0.7,0.7
New England Revolution,corner_second_phase,75,0.3466666666666667,0.0070442378134685825,0.6666666666666666,0.4166666666666667,0.3333333333333333
New England Revolution,counterattack,47,0.3191489361702128,0.004414389029773645,0.06666666666666667,0.6833333333333333,0.6666666666666666
New England Revolution,finishing,615,0.33658536585365856,0.057762750070442376,0.13333333333333333,0.6333333333333333,0.6333333333333333
New England Revolution,high_transition,293,0.40955631399317405,0.027519489057950597,0.9666666666666667,0.45,0.4
New England Revolution,kickoff,109,0.4954128440366973,0.010237625622241007,0.2833333333333333,0.31666666666666665,0.3333333333333333
New England Revolution,long_goalkick,146,0.410958904109589,0.013712782943552174,0.5666666666666667,0.8666666666666667,0.8666666666666667
New England Revolution,penalty,5,0.0,0.00046961585423123885,0.5166666666666667,0.6166666666666667,0.6
New England Revolution,possession_freekick,342,0.5964912280701754,0.032121724429416736,0.1,0.7666666666666667,0.7666666666666667
New England Revolution,possession_throw_in,406,0.39901477832512317,0.0381328073635766,0.03333333333333333,0.5333333333333333,0.3333333333333333
New England Revolution,progression,1560,0.45705128205128204,0.14652014652014653,0.6666666666666666,0.43333333333333335,0.43333333333333335
New England Revolution,securing_possession,858,0.5372960372960373,0.08058608058608059,0.23333333333333334,0.4666666666666667,0.26666666666666666
New England Revolution,short_goalkick,144,0.4861111111111111,0.013524936601859678,0.16666666666666666,0.38333333333333336,0.3333333333333333
New York City FC,accelerated_possession,446,0.3654708520179372,0.04008628437893223,0.43333333333333335,0.9,0.8
New York City FC,attacking_freekick,112,0.8214285714285714,0.010066510875426928,0.5,0.2,0.2
New York City FC,attacking_freekick_second_phase,23,0.21739130434782608,0.0020672299119180297,0.36666666666666664,0.06666666666666667,0.06666666666666667
New York City FC,attacking_throw_in,176,0.6306818181818182,0.015818802804242315,0.26666666666666666,0.8666666666666667,0.8666666666666667
New York City FC,buildup,1271,0.6317859952793077,0.11423692252381808,0.7,0.9,0.5333333333333333
New York City FC,corner,171,0.1871345029239766,0.015369404997303613,0.36666666666666664,0.7666666666666667,0.4666666666666667
New York City FC,corner_second_phase,82,0.32926829268292684,0.007370124033794715,0.5333333333333333,0.6666666666666666,0.5333333333333333
New York City FC,counterattack,56,0.35714285714285715,0.005033255437713464,0.3,0.8833333333333333,0.8666666666666667
New York City FC,finishing,592,0.34797297297297297,0.053208700341542334,0.26666666666666666,0.5333333333333333,0.4666666666666667
New York City FC,high_transition,301,0.3687707641196013,0.027053747977709867,0.7333333333333333,0.5333333333333333,0.26666666666666666
New York City FC,kickoff,113,0.46017699115044247,0.010156390436814669,0.1,0.43333333333333335,0.3
New York City FC,long_goalkick,61,0.29508196721311475,0.005482653244652166,0.06666666666666667,0.25,0.23333333333333334
New York City FC,penalty,7,0.0,0.000629156929714183,0.5166666666666667,0.8166666666666667,0.8
New York City FC,possession_freekick,284,0.6161971830985915,0.02552579543411828,0.26666666666666666,0.26666666666666666,0.13333333333333333
New York City FC,possession_throw_in,484,0.4896694214876033,0.043501707711666365,0.5,0.9333333333333333,0.9333333333333333
New York City FC,progression,1740,0.4482758620689655,0.15639043681466835,0.4666666666666667,0.9,0.7666666666666667
New York City FC,securing_possession,976,0.5645491803278688,0.08772245191443466,0.7333333333333333,0.9,0.8666666666666667
New York City FC,short_goalkick,177,0.4971751412429379,0.015908682365630054,0.26666666666666666,0.7666666666666667,0.5333333333333333
New York Red Bulls,accelerated_possession,325,0.36615384615384616,0.029266096352994146,0.4666666666666667,0.2,0.1
New York Red Bulls,attacking_freekick,131,0.816793893129771,0.01179648806843764,0.4666666666666667,0.5666666666666667,0.4666666666666667
New York Red Bulls,attacking_freekick_second_phase,31,0.3548387096774194,0.0027915353444394417,0.9166666666666666,0.36666666666666664,0.3333333333333333
New York Red Bulls,attacking_throw_in,163,0.7791411042944786,0.014678072940117064,0.8666666666666667,0.8333333333333334,0.8
New York Red Bulls,buildup,1158,0.6096718480138169,0.10427735254389914,0.43333333333333335,0.4,0.13333333333333333
New York Red Bulls,corner,141,0.15602836879432624,0.012696983340837461,0.13333333333333333,0.15,0.06666666666666667
New York Red Bulls,corner_second_phase,67,0.3283582089552239,0.006033318325078793,0.5,0.26666666666666666,0.1
New York Red Bulls,counterattack,47,0.425531914893617,0.004232327780279154,0.7,0.6833333333333333,0.5666666666666667
New York Red Bulls,finishing,627,0.3269537480063796,0.056461053579468706,0.06666666666666667,0.6666666666666666,0.6
New York Red Bulls,high_transition,365,0.3232876712328767,0.03286807744259343,0.16666666666666666,0.9333333333333333,0.9333333333333333
New York Red Bulls,kickoff,119,0.5546218487394958,0.010715893741557857,0.6,0.6333333333333333,0.4
New York Red Bulls,long_goalkick,93,0.4731182795698925,0.008374606033318325,0.8666666666666667,0.6333333333333333,0.6
New York Red Bulls,penalty,8,0.0,0.0007203962179198559,0.5166666666666667,0.8666666666666667,0.8666666666666667
New York Red Bulls,possession_freekick,287,0.627177700348432,0.02584421431787483,0.36666666666666664,0.3,0.2
New York Red Bulls,possession_throw_in,443,0.5756207674943566,0.039891940567312024,0.9666666666666667,0.8666666666666667,0.6333333333333333
New York Red Bulls,progression,1717,0.4222481071636575,0.15461503827104908,0.16666666666666666,0.8666666666666667,0.6666666666666666
New York Red Bulls,securing_possession,984,0.5355691056910569,0.08860873480414228,0.16666666666666666,0.9666666666666667,0.9666666666666667
New York Red Bulls,short_goalkick,111,0.5855855855855856,0.009995497523638,0.8666666666666667,0.13333333333333333,0.13333333333333333
Orlando City,accelerated_possession,407,0.4201474201474201,0.039346481051817477,0.9333333333333333,0.7333333333333333,0.7333333333333333
Orlando City,attacking_freekick,121,0.8016528925619835,0.011697602474864656,0.26666666666666666,0.43333333333333335,0.4
Orlando City,attacking_freekick_second_phase,32,0.1875,0.0030935808197989174,0.16666666666666666,0.4666666666666667,0.4666666666666667
Orlando City,attacking_throw_in,116,0.6896551724137931,0.011214230471771076,0.5,0.13333333333333333,0.13333333333333333
Orlando City,buildup,1090,0.618348623853211,0.10537509667440062,0.5,0.16666666666666666,0.23333333333333334
Orlando City,corner,152,0.25,0.014694508894044857,0.9166666666666666,0.26666666666666666,0.3333333333333333
Orlando City,corner_second_phase,77,0.4025974025974026,0.007443928847641145,0.8833333333333333,0.5,0.6
Orlando City,counterattack,40,0.5,0.0038669760247486465,0.9333333333333333,0.36666666666666664,0.3
Orlando City,finishing,716,0.41620111731843573,0.06921887084300077,1.0,0.9333333333333333,0.9666666666666667
Orlando City,high_transition,293,0.378839590443686,0.028325599381283838,0.8,0.45,0.4666666666666667
Orlando City,kickoff,117,0.5811965811965812,0.01131090487238979,0.8,0.5666666666666667,0.6333333333333333
Orlando City,long_goalkick,75,0.41333333333333333,0.007250580046403712,0.6,0.43333333333333335,0.4666666666666667
Orlando City,penalty,3,0.0,0.0002900232018561485,0.5166666666666667,0.15,0.13333333333333333
Orlando City,possession_freekick,356,0.648876404494382,0.03441608662026296,0.6,0.8666666666666667,0.9
Orlando City,possession_throw_in,351,0.4985754985754986,0.033932714617169374,0.6666666666666666,0.06666666666666667,0.06666666666666667
Orlando City,progression,1593,0.4952919020715631,0.15400232018561485,0.9666666666666667,0.5333333333333333,0.6
Orlando City,securing_possession,806,0.5583126550868487,0.07791956689868523,0.6,0.13333333333333333,0.13333333333333333
Orlando City,short_goalkick,187,0.5828877005347594,0.018078112915699922,0.8333333333333334,0.8666666666666667,0.8666666666666667
Philadelphia Union,accelerated_possession,299,0.38127090301003347,0.026530612244897958,0.7333333333333333,0.06666666666666667,0.06666666666666667
Philadelphia Union,attacking_freekick,211,0.8341232227488151,0.018722271517302574,0.6,0.9666666666666667,0.9666666666666667
Philadelphia Union,attacking_freekick_second_phase,58,0.1896551724137931,0.0051464063886424135,0.2,0.9666666666666667,0.9333333333333333
Philadelphia Union,attacking_throw_in,224,0.7857142857142857,0.01987577639751553,0.9,1.0,1.0
Philadelphia Union,buildup,919,0.6082698585418934,0.08154392191659272,0.4,0.03333333333333333,0.03333333333333333
Philadelphia Union,corner,207,0.2463768115942029,0.018367346938775512,0.8666666666666667,1.0,0.9666666666666667
Philadelphia Union,corner_second_phase,85,0.36470588235294116,0.0075421472937000885,0.8,0.75,0.6666666666666666
Philadelphia Union,counterattack,56,0.5714285714285714,0.004968944099378882,1.0,0.8833333333333333,0.8
Philadelphia Union,finishing,547,0.34552102376599636,0.048535936113575866,0.16666666666666666,0.3,0.13333333333333333
Philadelphia Union,high_transition,360,0.35833333333333334,0.03194321206743567,0.5,0.9,0.9
Philadelphia Union,kickoff,98,0.3979591836734694,0.008695652173913044,0.03333333333333333,0.2,0.13333333333333333
Philadelphia Union,long_goalkick,121,0.4462809917355372,0.010736468500443656,0.7,0.8,0.7666666666666667
Philadelphia Union,penalty,4,0.0,0.000354924578527063,0.5166666666666667,0.38333333333333336,0.26666666666666666
Philadelphia Union,possession_freekick,253,0.7075098814229249,0.022448979591836733,0.9333333333333333,0.06666666666666667,0.06666666666666667
Philadelphia Union,possession_throw_in,490,0.5795918367346938,0.043478260869565216,1.0,0.9833333333333333,0.9
Philadelphia Union,progression,1579,0.42241925269157693,0.1401064773735581,0.2,0.5,0.2
Philadelphia Union,securing_possession,998,0.5080160320641283,0.08855368234250222,0.06666666666666667,1.0,0.9333333333333333
Philadelphia Union,short_goalkick,107,0.5700934579439252,0.009494232475598935,0.7666666666666667,0.1,0.1
Portland Timbers,accelerated_possession,474,0.39451476793248946,0.04346629986244842,0.8,0.9666666666666667,0.9666666666666667
Portland Timbers,attacking_freekick,116,0.8793103448275862,0.010637322329206786,0.9,0.2833333333333333,0.23333333333333334
Portland Timbers,attacking_freekick_second_phase,26,0.19230769230769232,0.002384227418615314,0.23333333333333334,0.1,0.1
Portland Timbers,attacking_throw_in,131,0.7022900763358778,0.012012838147638698,0.5666666666666667,0.3333333333333333,0.26666666666666666
Portland Timbers,buildup,1236,0.6610032362459547,0.11334250343878954,0.9666666666666667,0.7666666666666667,0.5
Portland Timbers,corner,171,0.23976608187134502,0.015680880330123798,0.8333333333333334,0.7666666666666667,0.5666666666666667
Portland Timbers,corner_second_phase,78,0.41025641025641024,0.007152682255845942,0.9333333333333333,0.5833333333333334,0.36666666666666664
Portland Timbers,counterattack,48,0.4375,0.004401650618982118,0.7666666666666667,0.7333333333333333,0.6333333333333333
Portland Timbers,finishing,600,0.32166666666666666,0.055020632737276476,0.03333333333333333,0.5666666666666667,0.5
Portland Timbers,high_transition,267,0.34831460674157305,0.024484181568088032,0.3333333333333333,0.16666666666666666,0.06666666666666667
Portland Timbers,kickoff,110,0.6090909090909091,0.010087116001834021,0.8666666666666667,0.38333333333333336,0.26666666666666666
Portland Timbers,long_goalkick,75,0.37333333333333335,0.0068775790921595595,0.36666666666666664,0.43333333333333335,0.36666666666666664
Portland Timbers,penalty,4,0.0,0.00036680421824850985,0.5166666666666667,0.38333333333333336,0.3
Portland Timbers,possession_freekick,338,0.6893491124260355,0.030994956441999084,0.8,0.7333333333333333,0.6
Portland Timbers,possession_throw_in,405,0.4962962962962963,0.037138927097661624,0.6333333333333333,0.5,0.23333333333333334
Portland Timbers,progression,1683,0.44860368389780153,0.15433287482806052,0.5,0.7333333333333333,0.6333333333333333
Portland Timbers,securing_possession,908,0.5726872246696035,0.08326455754241174,0.9,0.8333333333333334,0.43333333333333335
Portland Timbers,short_goalkick,182,0.6043956043956044,0.0166895919303072,0.9333333333333333,0.8166666666666667,0.6333333333333333
Real Salt Lake,accelerated_possession,420,0.3523809523809524,0.03875611331549322,0.3,0.8333333333333334,0.7
Real Salt Lake,attacking_freekick,116,0.896551724137931,0.010704069391898127,0.9666666666666667,0.2833333333333333,0.26666666666666666
Real Salt Lake,attacking_freekick_second_phase,43,0.13953488372093023,0.003967887791824306,0.1,0.7,0.7
Real Salt Lake,attacking_throw_in,152,0.6118421052631579,0.014026021961797546,0.2,0.7333333333333333,0.6666666666666666
Real Salt Lake,buildup,1285,0.6575875486381323,0.11857525145335425,0.9,0.9333333333333333,0.8333333333333334
Real Salt Lake,corner,156,0.22435897435897437,0.01439512780289748,0.7,0.43333333333333335,0.26666666666666666
Real Salt Lake,corner_second_phase,78,0.358974358974359,0.00719756390144874,0.7666666666666667,0.5833333333333334,0.4
Real Salt Lake,counterattack,44,0.36363636363636365,0.004060164252099289,0.4,0.5666666666666667,0.5
Real Salt Lake,finishing,604,0.3543046357615894,0.05573498200609025,0.43333333333333335,0.6,0.5666666666666667
Real Salt Lake,high_transition,344,0.35755813953488375,0.031743102334594445,0.43333333333333335,0.8666666666666667,0.8333333333333334
Real Salt Lake,kickoff,130,0.5384615384615384,0.0119959398357479,0.5,0.8,0.8
Real Salt Lake,long_goalkick,56,0.35714285714285715,0.0051674817753990954,0.3333333333333333,0.2,0.16666666666666666
Real Salt Lake,penalty,3,0.0,0.00027682938082495157,0.5166666666666667,0.15,0.06666666666666667
Real Salt Lake,possession_freekick,335,0.6567164179104478,0.03091261419211959,0.6666666666666666,0.6666666666666666,0.5666666666666667
Real Salt Lake,possession_throw_in,422,0.45734597156398105,0.038940666236043184,0.23333333333333334,0.7333333333333333,0.5333333333333333
Real Salt Lake,progression,1644,0.45072992700729925,0.15170250069207344,0.5333333333333333,0.65,0.5666666666666667
Real Salt Lake,securing_possession,837,0.5663082437275986,0.07723539725016149,0.8,0.3,0.1
Real Salt Lake,short_goalkick,210,0.5,0.01937805665774661,0.3,1.0,0.9666666666666667
San Diego FC,accelerated_possession,482,0.34439834024896265,0.04437488491990425,0.16666666666666666,1.0,1.0
San Diego FC,attacking_freekick,122,0.8934426229508197,0.01123181734487203,0.9333333333333333,0.4666666666666667,0.36666666666666664
San Diego FC,attacking_freekick_second_phase,40,0.325,0.0036825630638924692,0.8,0.65,0.6
San Diego FC,attacking_throw_in,155,0.5483870967741935,0.014269931872583318,0.1,0.7833333333333333,0.7666666666666667
San Diego FC,buildup,1390,0.660431654676259,0.1279690664702633,0.9333333333333333,1.0,1.0
San Diego FC,corner,171,0.19883040935672514,0.015742957098140307,0.4666666666666667,0.7666666666666667,0.6333333333333333
San Diego FC,corner_second_phase,83,0.2891566265060241,0.007641318357576874,0.3333333333333333,0.7,0.7
San Diego FC,counterattack,32,0.375,0.002946050451113975,0.43333333333333335,0.06666666666666667,0.06666666666666667
San Diego FC,finishing,648,0.35185185185185186,0.059657521635058,0.3,0.7333333333333333,0.7
San Diego FC,high_transition,320,0.365625,0.029460504511139754,0.7,0.65,0.6
San Diego FC,kickoff,93,0.5806451612903226,0.00856195912354999,0.7666666666666667,0.1,0.06666666666666667
San Diego FC,long_goalkick,23,0.34782608695652173,0.00211747376173817,0.23333333333333334,0.03333333333333333,0.03333333333333333
San Diego FC,penalty,6,0.0,0.0005523844595838704,0.5166666666666667,0.75,0.7333333333333333
San Diego FC,possession_freekick,387,0.6434108527131783,0.03562879764315964,0.5,1.0,0.9666666666666667
San Diego FC,possession_throw_in,381,0.4566929133858268,0.035076413183575766,0.2,0.2,0.16666666666666666
San Diego FC,progression,1826,0.48028477546549836,0.16810900386669123,0.8333333333333334,0.9666666666666667,0.9666666666666667
San Diego FC,securing_possession,882,0.5544217687074829,0.08120051555882894,0.5,0.6,0.3333333333333333
San Diego FC,short_goalkick,175,0.5371428571428571,0.01611121340452955,0.43333333333333335,0.65,0.6
San Jose Earthquakes,accelerated_possession,396,0.3207070707070707,0.034911399100766995,0.03333333333333333,0.6,0.3333333333333333
San Jose Earthquakes,attacking_freekick,168,0.8452380952380952,0.014810896588204179,0.6666666666666666,0.9166666666666666,0.8666666666666667
San Jose Earthquakes,attacking_freekick_second_phase,51,0.29411764705882354,0.00449616503570484,0.6666666666666666,0.9,0.8333333333333334
San Jose Earthquakes,attacking_throw_in,186,0.6505376344086021,0.01639777836551177,0.3333333333333333,0.9666666666666667,0.9
San Jose Earthquakes,buildup,1199,0.5846538782318599,0.1057039583884334,0.16666666666666666,0.6333333333333333,0.26666666666666666
San Jose Earthquakes,corner,196,0.22959183673469388,0.017279379352904876,0.7333333333333333,0.9333333333333333,0.8666666666666667
San Jose Earthquakes,corner_second_phase,97,0.32989690721649484,0.008551529577713128,0.5666666666666667,1.0,0.8666666666666667
San Jose Earthquakes,counterattack,64,0.359375,0.005642246319315878,0.3333333333333333,1.0,0.9333333333333333
San Jose Earthquakes,finishing,581,0.3924268502581756,0.05122101736753945,0.8666666666666667,0.5,0.26666666666666666
San Jose Earthquakes,high_transition,336,0.37202380952380953,0.029621793176408357,0.7666666666666667,0.8333333333333334,0.6666666666666666
San Jose Earthquakes,kickoff,131,0.5877862595419847,0.011548972934849687,0.8333333333333334,0.85,0.6666666666666666
San Jose Earthquakes,long_goalkick,83,0.3373493975903614,0.007317288195362779,0.2,0.5333333333333333,0.5
San Jose Earthquakes,penalty,5,0.0,0.00044080049369655297,0.5166666666666667,0.6166666666666667,0.5333333333333333
San Jose Earthquakes,possession_freekick,364,0.6923076923076923,0.03209027594110905,0.8333333333333334,0.9666666666666667,0.7333333333333333
San Jose Earthquakes,possession_throw_in,442,0.5158371040723982,0.03896676364277528,0.7666666666666667,0.8333333333333334,0.5666666666666667
San Jose Earthquakes,progression,1644,0.45316301703163014,0.1449352023274266,0.6333333333333333,0.65,0.36666666666666664
San Jose Earthquakes,securing_possession,983,0.5523906408952187,0.08666137706074231,0.43333333333333335,0.9333333333333333,0.8
San Jose Earthquakes,short_goalkick,130,0.5615384615384615,0.011460812836110376,0.6666666666666666,0.26666666666666666,0.16666666666666666
Seattle Sounders,accelerated_possession,396,0.40404040404040403,0.037603266546386856,0.8333333333333334,0.6,0.6
Seattle Sounders,attacking_freekick,149,0.8657718120805369,0.014148703826797076,0.8666666666666667,0.7333333333333333,0.6666666666666666
Seattle Sounders,attacking_freekick_second_phase,47,0.2127659574468085,0.00446301395878834,0.3333333333333333,0.8333333333333334,0.8
Seattle Sounders,attacking_throw_in,126,0.7063492063492064,0.01196467571930491,0.6,0.26666666666666666,0.2
Seattle Sounders,buildup,1103,0.6210335448776065,0.10473839141581996,0.5666666666666667,0.2,0.16666666666666666
Seattle Sounders,corner,178,0.19662921348314608,0.016902478397113285,0.43333333333333335,0.8333333333333334,0.8
Seattle Sounders,corner_second_phase,89,0.33707865168539325,0.008451239198556643,0.6,0.8666666666666667,0.8333333333333334
Seattle Sounders,counterattack,30,0.43333333333333335,0.0028487323141202165,0.7333333333333333,0.03333333333333333,0.03333333333333333
Seattle Sounders,finishing,717,0.3584379358437936,0.06808470230747317,0.5333333333333333,0.9666666666666667,0.9333333333333333
Seattle Sounders,high_transition,326,0.3558282208588957,0.03095622448010635,0.4,0.7,0.7333333333333333
Seattle Sounders,kickoff,114,0.5701754385964912,0.010825182793656823,0.6666666666666666,0.4666666666666667,0.43333333333333335
Seattle Sounders,long_goalkick,61,0.45901639344262296,0.005792422372044441,0.7333333333333333,0.25,0.26666666666666666
Seattle Sounders,penalty,5,0.0,0.0004747887190200361,0.5166666666666667,0.6166666666666667,0.6333333333333333
Seattle Sounders,possession_freekick,331,0.6404833836858006,0.03143101319912639,0.4666666666666667,0.6333333333333333,0.7
Seattle Sounders,possession_throw_in,366,0.4808743169398907,0.03475453423226664,0.4,0.1,0.13333333333333333
Seattle Sounders,progression,1685,0.49851632047477745,0.16000379830975217,1.0,0.7666666666666667,0.8333333333333334
Seattle Sounders,securing_possession,895,0.5396648044692738,0.08498718070458645,0.26666666666666666,0.8,0.7666666666666667
Seattle Sounders,short_goalkick,176,0.5170454545454546,0.01671256290950527,0.3333333333333333,0.7166666666666667,0.6666666666666666
Sporting Kansas City,accelerated_possession,356,0.3258426966292135,0.03361979412597979,0.06666666666666667,0.26666666666666666,0.3
Sporting Kansas City,attacking_freekick,152,0.8421052631578947,0.014354518840305978,0.6333333333333333,0.8166666666666667,0.7666666666666667
Sporting Kansas City,attacking_freekick_second_phase,40,0.2,0.0037775049579752574,0.26666666666666666,0.65,0.6333333333333333
Sporting Kansas City,attacking_throw_in,149,0.5167785234899329,0.014071205968457833,0.03333333333333333,0.7,0.7333333333333333
Sporting Kansas City,buildup,1047,0.620821394460363,0.09887619227500236,0.5333333333333333,0.13333333333333333,0.06666666666666667
Sporting Kansas City,corner,159,0.18867924528301888,0.015015582207951648,0.4,0.4666666666666667,0.36666666666666664
Sporting Kansas City,corner_second_phase,86,0.2558139534883721,0.008121635659646803,0.13333333333333333,0.8,0.7333333333333333
Sporting Kansas City,counterattack,43,0.4418604651162791,0.004060817829823401,0.8,0.5166666666666667,0.5333333333333333
Sporting Kansas City,finishing,712,0.3539325842696629,0.06723958825195958,0.4,0.9,0.9
Sporting Kansas City,high_transition,335,0.29253731343283584,0.03163660402304278,0.03333333333333333,0.8,0.8
Sporting Kansas City,kickoff,146,0.5,0.01378789309660969,0.36666666666666664,1.0,1.0
Sporting Kansas City,long_goalkick,176,0.4602272727272727,0.016621021815091133,0.7666666666666667,1.0,0.9666666666666667
Sporting Kansas City,penalty,7,0.0,0.00066106336764567,0.5166666666666667,0.8166666666666667,0.8333333333333334
Sporting Kansas City,possession_freekick,348,0.632183908045977,0.03286429313438474,0.43333333333333335,0.8333333333333334,0.8
Sporting Kansas City,possession_throw_in,404,0.5,0.0381528000755501,0.7166666666666667,0.4666666666666667,0.36666666666666664
Sporting Kansas City,progression,1655,0.47492447129909365,0.15629426763622628,0.7,0.7,0.7333333333333333
Sporting Kansas City,securing_possession,887,0.5682074408117249,0.08376617244310133,0.8333333333333334,0.7,0.5333333333333333
Sporting Kansas City,short_goalkick,89,0.651685393258427,0.008404948531494948,1.0,0.06666666666666667,0.06666666666666667
St. Louis City,accelerated_possession,376,0.42021276595744683,0.036122586223460464,0.9666666666666667,0.43333333333333335,0.36666666666666664
St. Louis City,attacking_freekick,141,0.8014184397163121,0.013545969833797675,0.23333333333333334,0.7,0.6333333333333333
St. Louis City,attacking_freekick_second_phase,49,0.3469387755102041,0.004707464694014795,0.8666666666666667,0.8666666666666667,0.9
St. Louis City,attacking_throw_in,146,0.773972602739726,0.014026323374003266,0.8333333333333334,0.6666666666666666,0.7
St. Louis City,buildup,1191,0.6078925272879933,0.11442021327697185,0.36666666666666664,0.6,0.6
St. Louis City,corner,163,0.2085889570552147,0.01565952541070228,0.5333333333333333,0.5,0.5333333333333333
St. Louis City,corner_second_phase,85,0.4117647058823529,0.008166010183495052,0.9666666666666667,0.75,0.7666666666666667
St. Louis City,counterattack,53,0.33962264150943394,0.005091747526179268,0.1,0.8333333333333334,0.9
St. Louis City,finishing,548,0.3704379562043796,0.05264674800653281,0.6666666666666666,0.3333333333333333,0.4
St. Louis City,high_transition,285,0.34035087719298246,0.027380151791718706,0.26666666666666666,0.35,0.36666666666666664
St. Louis City,kickoff,132,0.6212121212121212,0.012681333461427611,0.9666666666666667,0.9,0.8666666666666667
St. Louis City,long_goalkick,102,0.5196078431372549,0.009799212220194062,0.9333333333333333,0.7333333333333333,0.7333333333333333
St. Louis City,penalty,4,0.0,0.0003842828321644731,0.5166666666666667,0.38333333333333336,0.43333333333333335
St. Louis City,possession_freekick,267,0.7153558052434457,0.025650879046978575,1.0,0.16666666666666666,0.16666666666666666
St. Louis City,possession_throw_in,388,0.44587628865979384,0.037275434719953884,0.13333333333333333,0.26666666666666666,0.26666666666666666
St. Louis City,progression,1488,0.4529569892473118,0.14295321356518398,0.6,0.3333333333333333,0.26666666666666666
St. Louis City,securing_possession,879,0.5574516496018203,0.08444615236814296,0.5666666666666667,0.5666666666666667,0.7
St. Louis City,short_goalkick,193,0.538860103626943,0.018541646651935823,0.4666666666666667,0.9333333333333333,0.9
Toronto FC,accelerated_possession,374,0.3770053475935829,0.037073750991276765,0.6666666666666666,0.4,0.5
Toronto FC,attacking_freekick,127,0.7716535433070866,0.012589214908802538,0.06666666666666667,0.5333333333333333,0.6
Toronto FC,attacking_freekick_second_phase,33,0.3333333333333333,0.0032712133227597146,0.8333333333333334,0.5333333333333333,0.5333333333333333
Toronto FC,attacking_throw_in,130,0.7153846153846154,0.01288659793814433,0.6333333333333333,0.3,0.5
Toronto FC,buildup,1139,0.5864793678665496,0.11290642347343378,0.2,0.26666666666666666,0.4666666666666667
Toronto FC,corner,135,0.21481481481481482,0.01338223632038065,0.6,0.1,0.16666666666666666
Toronto FC,corner_second_phase,66,0.3181818181818182,0.006542426645519429,0.4666666666666667,0.23333333333333334,0.3
Toronto FC,counterattack,40,0.4,0.003965107057890563,0.5166666666666667,0.36666666666666664,0.4
Toronto FC,finishing,502,0.3784860557768924,0.04976209357652656,0.7333333333333333,0.2,0.2
Toronto FC,high_transition,262,0.32061068702290074,0.02597145122918319,0.13333333333333333,0.13333333333333333,0.16666666666666666
Toronto FC,kickoff,110,0.4818181818181818,0.010904044409199048,0.23333333333333334,0.38333333333333336,0.5
Toronto FC,long_goalkick,94,0.35106382978723405,0.009318001586042823,0.26666666666666666,0.6666666666666666,0.7
Toronto FC,penalty,3,0.0,0.0002973830293417922,0.5166666666666667,0.15,0.2
Toronto FC,possession_freekick,360,0.6194444444444445,0.035685963521015066,0.3,0.9,1.0
Toronto FC,possession_throw_in,416,0.4543269230769231,0.041237113402061855,0.16666666666666666,0.6333333333333333,0.8
Toronto FC,progression,1388,0.4438040345821326,0.13758921490880255,0.3333333333333333,0.1,0.1
Toronto FC,securing_possession,847,0.5702479338842975,0.08396114195083267,0.8666666666666667,0.4166666666666667,0.5666666666666667
Toronto FC,short_goalkick,176,0.48295454545454547,0.017446471054718478,0.13333333333333333,0.7166666666666667,0.8
Vancouver Whitecaps,accelerated_possession,418,0.3684210526315789,0.040203904972588245,0.5333333333333333,0.8,0.8333333333333334
Vancouver Whitecaps,attacking_freekick,124,0.8629032258064516,0.011926517264595557,0.8,0.5,0.5
Vancouver Whitecaps,attacking_freekick_second_phase,28,0.2857142857142857,0.0026930845436183514,0.6166666666666667,0.21666666666666667,0.26666666666666666
Vancouver Whitecaps,attacking_throw_in,132,0.7348484848484849,0.012695969991343656,0.8,0.4,0.43333333333333335
Vancouver Whitecaps,buildup,1158,0.655440414507772,0.11137828219678754,0.8666666666666667,0.4,0.36666666666666664
Vancouver Whitecaps,corner,197,0.2182741116751269,0.01894777339617197,0.6333333333333333,0.9666666666666667,1.0
Vancouver Whitecaps,corner_second_phase,94,0.35106382978723405,0.009041069539290179,0.7,0.95,1.0
Vancouver Whitecaps,counterattack,42,0.30952380952380953,0.004039626815427527,0.03333333333333333,0.4666666666666667,0.4666666666666667
Vancouver Whitecaps,finishing,691,0.3545586107091172,0.06646147927286718,0.4666666666666667,0.8666666666666667,0.8666666666666667
Vancouver Whitecaps,high_transition,331,0.33534743202416917,0.03183610656920265,0.2,0.7666666666666667,0.8666666666666667
Vancouver Whitecaps,kickoff,88,0.4431818181818182,0.008463979994229105,0.06666666666666667,0.03333333333333333,0.03333333333333333
Vancouver Whitecaps,long_goalkick,87,0.39080459770114945,0.008367798403385591,0.43333333333333335,0.5833333333333334,0.5666666666666667
Vancouver Whitecaps,penalty,11,0.0,0.0010579974992786382,0.5166666666666667,0.9833333333333333,0.9666666666666667
Vancouver Whitecaps,possession_freekick,323,0.7151702786377709,0.031066653842454554,0.9666666666666667,0.5666666666666667,0.6333333333333333
Vancouver Whitecaps,possession_throw_in,402,0.5373134328358209,0.038664999519092046,0.9333333333333333,0.43333333333333335,0.43333333333333335
Vancouver Whitecaps,progression,1705,0.4950146627565982,0.1639896123881889,0.9333333333333333,0.8,0.9
Vancouver Whitecaps,securing_possession,867,0.5420991926182238,0.08338943926132539,0.3333333333333333,0.5333333333333333,0.4666666666666667
Vancouver Whitecaps,short_goalkick,128,0.5234375,0.012311243627969606,0.36666666666666664,0.21666666666666667,0.23333333333333334
Atlanta United,high_ball,1528,,0.14559313959028108,,0.7333333333333333,0.7333333333333333
Atlanta United,loose_ball,2355,,0.22439256788947118,,0.2,0.13333333333333333
Austin FC,high_ball,1467,,0.15066242169045907,,0.5333333333333333,0.9
Austin FC,loose_ball,2177,,0.22358015815959742,,0.03333333333333333,0.1
CF Montreal,high_ball,1469,,0.14085722504554607,,0.5666666666666667,0.5333333333333333
CF Montreal,loose_ball,2526,,0.24220922427845432,,0.8333333333333334,0.8333333333333334
Charlotte,high_ball,1269,,0.12740963855421686,,0.13333333333333333,0.2
Charlotte,loose_ball,2293,,0.23022088353413656,,0.13333333333333333,0.43333333333333335
Chicago Fire,high_ball,1359,,0.13426200355660936,,0.3333333333333333,0.3333333333333333
Chicago Fire,loose_ball,2519,,0.24886386089705592,,0.8,0.9333333333333333
Cincinnati,high_ball,1549,,0.14465819947702652,,0.7666666666666667,0.7
Cincinnati,loose_ball,2621,,0.24477026522226372,,0.9,0.9
Colorado Rapids,high_ball,1559,,0.15019267822736032,,0.8,0.8666666666666667
Colorado Rapids,loose_ball,2429,,0.2340077071290944,,0.4,0.6666666666666666
Columbus Crew,high_ball,1202,,0.11009342370397508,,0.03333333333333333,0.03333333333333333
Columbus Crew,loose_ball,2468,,0.22604872687305366,,0.6,0.16666666666666666
DC United,high_ball,1651,,0.16064999513476697,,0.8666666666666667,0.9333333333333333
DC United,loose_ball,2439,,0.2373260679186533,,0.4666666666666667,0.8
FC Dallas,high_ball,1487,,0.1480928194402948,,0.6333333333333333,0.8
FC Dallas,loose_ball,2503,,0.2492779603625137,,0.7333333333333333,0.9666666666666667
Houston Dynamo,high_ball,1334,,0.13491100323624594,,0.23333333333333334,0.4
Houston Dynamo,loose_ball,2240,,0.22653721682847897,,0.06666666666666667,0.23333333333333334
Inter Miami,high_ball,1264,,0.11610177275649858,,0.1,0.06666666666666667
Inter Miami,loose_ball,2509,,0.23045834481491687,,0.7666666666666667,0.4666666666666667
LA Galaxy,high_ball,1218,,0.12077342588001982,,0.06666666666666667,0.13333333333333333
LA Galaxy,loose_ball,2315,,0.22954883490332176,,0.16666666666666666,0.4
LAFC,high_ball,1343,,0.12800228745711018,,0.26666666666666666,0.23333333333333334
LAFC,loose_ball,2452,,0.2337018680899733,,0.5666666666666667,0.6333333333333333
Minnesota United,high_ball,1656,,0.16970690715310516,,0.9333333333333333,0.9666666666666667
Minnesota United,loose_ball,2488,,0.2549702807952449,,0.6666666666666666,1.0
Nashville SC,high_ball,1421,,0.13935471217024614,,0.4,0.5
Nashville SC,loose_ball,2361,,0.23153868784936746,,0.23333333333333334,0.6
New England Revolution,high_ball,1525,,0.14323283554052785,,0.7,0.6333333333333333
New England Revolution,loose_ball,2435,,0.22870292101061332,,0.43333333333333335,0.3333333333333333
New York City FC,high_ball,1505,,0.13526873988854934,,0.6666666666666666,0.43333333333333335
New York City FC,loose_ball,2549,,0.22910300197735034,,0.8666666666666667,0.36666666666666664
New York Red Bulls,high_ball,1654,,0.1489419180549302,,0.9,0.8333333333333334
New York Red Bulls,loose_ball,2634,,0.23719045475011255,,0.9666666666666667,0.7666666666666667
Orlando City,high_ball,1424,,0.13766434648105183,,0.43333333333333335,0.4666666666666667
Orlando City,loose_ball,2388,,0.2308584686774942,,0.3333333333333333,0.5333333333333333
Philadelphia Union,high_ball,1987,,0.17630878438331854,,1.0,1.0
Philadelphia Union,loose_ball,2667,,0.23664596273291927,,1.0,0.7333333333333333
Portland Timbers,high_ball,1569,,0.143878954607978,,0.8333333333333334,0.6666666666666666
Portland Timbers,loose_ball,2484,,0.22778541953232462,,0.6333333333333333,0.26666666666666666
Real Salt Lake,high_ball,1458,,0.13453907908092647,,0.5,0.36666666666666664
Real Salt Lake,loose_ball,2500,,0.23069115068745963,,0.7,0.5
San Diego FC,high_ball,1276,,0.11747376173816977,,0.16666666666666666,0.1
San Diego FC,loose_ball,2370,,0.2181918615356288,,0.26666666666666666,0.03333333333333333
San Jose Earthquakes,high_ball,1664,,0.14669840430221281,,0.9666666666666667,0.7666666666666667
San Jose Earthquakes,loose_ball,2623,,0.23124393899321166,,0.9333333333333333,0.5666666666666667
Seattle Sounders,high_ball,1354,,0.12857278511062578,,0.3,0.26666666666666666
Seattle Sounders,loose_ball,2383,,0.22628430348494918,,0.3,0.2
Sporting Kansas City,high_ball,1383,,0.13060723392199453,,0.36666666666666664,0.3
Sporting Kansas City,loose_ball,2415,,0.22806686183775615,,0.36666666666666664,0.3
St. Louis City,high_ball,1473,,0.1415121529445672,,0.6,0.5666666666666667
St. Louis City,loose_ball,2446,,0.23498895186857527,,0.5,0.7
Toronto FC,high_ball,1435,,0.14224821570182394,,0.4666666666666667,0.6
Toronto FC,loose_ball,2451,,0.24296193497224425,,0.5333333333333333,0.8666666666666667
Vancouver Whitecaps,high_ball,1293,,0.12436279696066173,,0.2,0.16666666666666666
Vancouver Whitecaps,loose_ball,2278,,0.21910166394152158,,0.1,0.06666666666666667
