team_name,phase,count,success_rate,percent_of_total,count_percentile,success_rate_percentile,percent_of_total_percentile
Atlanta United,accelerated_possession,382,0.3821138211382114,0.035354002776492366,0.3333333333333333,0.8,0.5
Atlanta United,attacking_freekick,121,0.7666666666666667,0.011198519204072188,0.2,0.03333333333333333,0.23333333333333334
Atlanta United,attacking_freekick_second_phase,33,0.3939393939393939,0.003054141601110597,0.3,0.9666666666666667,0.3
Atlanta United,attacking_throw_in,107,0.7547169811320755,0.00990282276723739,0.06666666666666667,0.9,0.03333333333333333
Atlanta United,buildup,1281,0.6569407603890363,0.11855622397038408,0.3,0.8666666666666667,0.4666666666666667
Atlanta United,corner,172,0.20588235294117646,0.015918556223970384,0.6,0.6,0.6666666666666666
Atlanta United,corner_second_phase,83,0.30120481927710846,0.007681628875520592,0.5833333333333334,0.38333333333333336,0.7
Atlanta United,counterattack,42,0.40476190476190477,0.0038870893105043963,0.5,0.4666666666666667,0.4666666666666667
Atlanta United,finishing,625,0.3470790378006873,0.05784359093012494,0.5666666666666667,0.26666666666666666,0.6666666666666666
Atlanta United,high_transition,310,0.40397350993377484,0.02869042110134197,0.43333333333333335,0.9333333333333333,0.4666666666666667
Atlanta United,kickoff,99,0.5656565656565656,0.00916242480333179,0.16666666666666666,0.7333333333333333,0.23333333333333334
Atlanta United,long_goalkick,103,0.35,0.009532623785284591,0.7,0.16666666666666666,0.7666666666666667
Atlanta United,penalty,6,0.0,0.0005552984729291995,0.6551724137931034,0.5172413793103449,0.6551724137931034
Atlanta United,possession_freekick,300,0.6476510067114094,0.027764923646459973,0.26666666666666666,0.6,0.36666666666666664
Atlanta United,possession_throw_in,389,0.47757255936675463,0.03600185099490976,0.3,0.4,0.3
Atlanta United,progression,1860,0.4651315789473684,0.17214252660805182,0.5,0.6333333333333333,0.6
Atlanta United,securing_possession,845,0.5353925353925354,0.07820453493752892,0.13333333333333333,0.2,0.13333333333333333
Atlanta United,short_goalkick,164,0.49382716049382713,0.015178158260064785,0.7333333333333333,0.2,0.6333333333333333
Austin FC,accelerated_possession,416,0.40298507462686567,0.03861147206237238,0.7666666666666667,0.8666666666666667,0.8666666666666667
Austin FC,attacking_freekick,134,0.8571428571428571,0.012437349173937256,0.43333333333333335,0.8166666666666667,0.5
Austin FC,attacking_freekick_second_phase,39,0.2564102564102564,0.0036198255058474105,0.6666666666666666,0.5,0.7
Austin FC,attacking_throw_in,174,0.6589595375722543,0.016149990718396137,0.9333333333333333,0.26666666666666666,0.9
Austin FC,buildup,1257,0.6718480138169257,0.11666976053462039,0.23333333333333334,0.9,0.3333333333333333
Austin FC,corner,186,0.17415730337078653,0.017263783181733803,0.7666666666666667,0.2,0.9333333333333333
Austin FC,corner_second_phase,86,0.40476190476190477,0.007982179320586598,0.7333333333333333,0.9333333333333333,0.8666666666666667
Austin FC,counterattack,42,0.3333333333333333,0.0038982736216818265,0.5,0.23333333333333334,0.5
Austin FC,finishing,700,0.3368580060422961,0.06497122702803045,0.7666666666666667,0.13333333333333333,0.8
Austin FC,high_transition,320,0.3471337579617834,0.02970113235567106,0.5666666666666667,0.4,0.6666666666666666
Austin FC,kickoff,90,0.5617977528089888,0.008353443475032486,0.06666666666666667,0.7,0.06666666666666667
Austin FC,long_goalkick,78,0.4025974025974026,0.007239651011694821,0.35,0.36666666666666664,0.36666666666666664
Austin FC,penalty,6,0.0,0.0005568962316688324,0.6551724137931034,0.5172413793103449,0.6896551724137931
Austin FC,possession_freekick,351,0.6169590643274854,0.03257842955262669,0.8333333333333334,0.16666666666666666,0.8666666666666667
Austin FC,possession_throw_in,410,0.4836272040302267,0.03805457583070355,0.5166666666666667,0.43333333333333335,0.5333333333333333
Austin FC,progression,1881,0.49816625916870416,0.17458696862817896,0.6,0.9,0.7
Austin FC,securing_possession,782,0.5887978142076503,0.07258214219417115,0.03333333333333333,0.9,0.03333333333333333
Austin FC,short_goalkick,178,0.6590909090909091,0.016521254872842027,0.8666666666666667,1.0,0.9
CF Montreal,accelerated_possession,376,0.3770491803278688,0.033700815631442144,0.3,0.6,0.23333333333333334
CF Montreal,attacking_freekick,151,0.8543046357615894,0.013534104149861073,0.7333333333333333,0.7666666666666667,0.8
CF Montreal,attacking_freekick_second_phase,37,0.21621621621621623,0.0033163036658599983,0.5833333333333334,0.3,0.6
CF Montreal,attacking_throw_in,151,0.7567567567567568,0.013534104149861073,0.6333333333333333,0.9333333333333333,0.6666666666666666
CF Montreal,buildup,1325,0.6345826235093697,0.11875952316931075,0.5,0.6666666666666666,0.5
CF Montreal,corner,141,0.28368794326241137,0.012637805861790804,0.21666666666666667,1.0,0.2
CF Montreal,corner_second_phase,54,0.2037037037037037,0.004840010755579457,0.13333333333333333,0.03333333333333333,0.13333333333333333
CF Montreal,counterattack,37,0.5405405405405406,0.0033163036658599983,0.18333333333333332,0.9666666666666667,0.16666666666666666
CF Montreal,finishing,637,0.39072847682119205,0.05709420095007618,0.6333333333333333,0.9,0.6
CF Montreal,high_transition,327,0.37383177570093457,0.02930895401989782,0.6333333333333333,0.6666666666666666,0.5666666666666667
CF Montreal,kickoff,95,0.48936170212765956,0.008514833736667563,0.1,0.23333333333333334,0.13333333333333333
CF Montreal,long_goalkick,112,0.48214285714285715,0.010038540826387022,0.8666666666666667,0.8666666666666667,0.8333333333333334
CF Montreal,possession_freekick,328,0.6971608832807571,0.02939858384870485,0.6333333333333333,0.9666666666666667,0.6666666666666666
CF Montreal,possession_throw_in,418,0.5398009950248757,0.037465268441337275,0.5666666666666667,0.9333333333333333,0.43333333333333335
CF Montreal,progression,1889,0.42724458204334365,0.16931074661647397,0.6333333333333333,0.26666666666666666,0.5
CF Montreal,securing_possession,957,0.5486425339366516,0.08577574616832481,0.5,0.4666666666666667,0.6
CF Montreal,short_goalkick,127,0.5238095238095238,0.011382988258492426,0.06666666666666667,0.36666666666666664,0.06666666666666667
Charlotte,accelerated_possession,439,0.3767772511848341,0.0400401313389274,0.9666666666666667,0.5666666666666667,0.9333333333333333
Charlotte,attacking_freekick,107,0.8207547169811321,0.009759211966435607,0.1,0.5333333333333333,0.13333333333333333
Charlotte,attacking_freekick_second_phase,27,0.2222222222222222,0.002462604888726742,0.16666666666666666,0.38333333333333336,0.16666666666666666
Charlotte,attacking_throw_in,146,0.75,0.01331630791681868,0.5666666666666667,0.8666666666666667,0.6
Charlotte,buildup,1342,0.6947549441100602,0.12240058372856621,0.6166666666666667,0.9666666666666667,0.7333333333333333
Charlotte,corner,181,0.20114942528735633,0.016508573513316308,0.7,0.5333333333333333,0.8333333333333334
Charlotte,corner_second_phase,80,0.28205128205128205,0.0072966070777088655,0.5166666666666667,0.25,0.5333333333333333
Charlotte,counterattack,36,0.45714285714285713,0.003283473184968989,0.1,0.7666666666666667,0.13333333333333333
Charlotte,finishing,769,0.38231098430813126,0.07013863553447647,0.8666666666666667,0.8,0.9
Charlotte,high_transition,330,0.39184952978056425,0.030098504195549068,0.6833333333333333,0.9,0.7
Charlotte,kickoff,134,0.4263565891472868,0.012221816855162349,0.8,0.06666666666666667,0.8
Charlotte,long_goalkick,65,0.4,0.0059284932506384535,0.23333333333333334,0.3333333333333333,0.2
Charlotte,penalty,9,0.0,0.0008208682962422473,0.9310344827586207,0.5172413793103449,0.9655172413793104
Charlotte,possession_freekick,298,0.6391752577319587,0.027179861364465523,0.23333333333333334,0.4,0.3
Charlotte,possession_throw_in,373,0.5276243093922652,0.03402043049981759,0.13333333333333333,0.8333333333333334,0.2
Charlotte,progression,2012,0.4821648216482165,0.18350966800437796,0.8333333333333334,0.8,0.9666666666666667
Charlotte,securing_possession,895,0.5698393077873919,0.08163079168186793,0.23333333333333334,0.7333333333333333,0.23333333333333334
Charlotte,short_goalkick,159,0.5612903225806452,0.01450200656694637,0.6333333333333333,0.7166666666666667,0.5666666666666667
Chicago Fire,accelerated_possession,375,0.3697478991596639,0.03371392609907399,0.25,0.5333333333333333,0.26666666666666666
Chicago Fire,attacking_freekick,127,0.8571428571428571,0.011417782972219724,0.3333333333333333,0.8166666666666667,0.26666666666666666
Chicago Fire,attacking_freekick_second_phase,34,0.3235294117647059,0.003056729299649375,0.35,0.8666666666666667,0.3333333333333333
Chicago Fire,attacking_throw_in,162,0.59375,0.014564416074799963,0.8,0.06666666666666667,0.8666666666666667
Chicago Fire,buildup,1258,0.6152450090744102,0.11309898408702689,0.26666666666666666,0.4666666666666667,0.2
Chicago Fire,corner,165,0.19254658385093168,0.014834127483592556,0.43333333333333335,0.4,0.43333333333333335
Chicago Fire,corner_second_phase,74,0.33783783783783783,0.006652881416883934,0.38333333333333336,0.6666666666666666,0.36666666666666664
Chicago Fire,counterattack,49,0.42857142857142855,0.004405286343612335,0.7833333333333333,0.7,0.8
Chicago Fire,finishing,563,0.3895131086142322,0.05061584105007642,0.3333333333333333,0.8666666666666667,0.3
Chicago Fire,high_transition,365,0.3691860465116279,0.032814888069765354,0.9666666666666667,0.6,1.0
Chicago Fire,kickoff,143,0.5971223021582733,0.012856243819113548,0.9333333333333333,0.8666666666666667,0.8666666666666667
Chicago Fire,long_goalkick,91,0.4111111111111111,0.008181246066708621,0.5333333333333333,0.4666666666666667,0.4666666666666667
Chicago Fire,penalty,10,0.0,0.0008990380293086397,1.0,0.5172413793103449,1.0
Chicago Fire,possession_freekick,317,0.6709677419354839,0.02849950552908388,0.5333333333333333,0.8,0.43333333333333335
Chicago Fire,possession_throw_in,438,0.490521327014218,0.03937786568371842,0.7333333333333333,0.6,0.7333333333333333
Chicago Fire,progression,1975,0.4378411158277744,0.17756001078845635,0.8,0.36666666666666664,0.8666666666666667
Chicago Fire,securing_possession,949,0.576,0.0853187089813899,0.4666666666666667,0.8333333333333334,0.5333333333333333
Chicago Fire,short_goalkick,150,0.6326530612244898,0.013485570439629597,0.26666666666666666,0.9,0.4
Cincinnati,accelerated_possession,383,0.40821917808219177,0.03294623655913979,0.36666666666666664,0.9,0.13333333333333333
Cincinnati,attacking_freekick,95,0.8085106382978723,0.008172043010752689,0.05,0.4,0.03333333333333333
Cincinnati,attacking_freekick_second_phase,23,0.13043478260869565,0.001978494623655914,0.03333333333333333,0.06666666666666667,0.03333333333333333
Cincinnati,attacking_throw_in,164,0.6234567901234568,0.01410752688172043,0.8333333333333334,0.1,0.8333333333333334
Cincinnati,buildup,1390,0.5875102711585867,0.11956989247311828,0.8666666666666667,0.23333333333333334,0.6
Cincinnati,corner,184,0.15934065934065933,0.015827956989247313,0.7333333333333333,0.1,0.6333333333333333
Cincinnati,corner_second_phase,99,0.36363636363636365,0.008516129032258065,1.0,0.8,0.9666666666666667
Cincinnati,counterattack,60,0.41379310344827586,0.005161290322580645,0.9166666666666666,0.6,0.9
Cincinnati,finishing,695,0.3633633633633634,0.05978494623655914,0.7333333333333333,0.43333333333333335,0.7
Cincinnati,high_transition,356,0.35816618911174786,0.030623655913978493,0.8333333333333334,0.5,0.7666666666666667
Cincinnati,kickoff,132,0.5196850393700787,0.01135483870967742,0.7333333333333333,0.4,0.7
Cincinnati,long_goalkick,75,0.4594594594594595,0.0064516129032258064,0.3,0.7666666666666667,0.26666666666666666
Cincinnati,penalty,7,0.0,0.0006021505376344086,0.7586206896551724,0.5172413793103449,0.7241379310344828
Cincinnati,possession_freekick,301,0.6506849315068494,0.02589247311827957,0.3,0.7,0.2
Cincinnati,possession_throw_in,428,0.47596153846153844,0.03681720430107527,0.65,0.36666666666666664,0.3333333333333333
Cincinnati,progression,1868,0.4627151051625239,0.16068817204301075,0.5666666666666667,0.6,0.26666666666666666
Cincinnati,securing_possession,1039,0.56,0.0893763440860215,0.9,0.6,0.7333333333333333
Cincinnati,short_goalkick,156,0.5454545454545454,0.013419354838709678,0.5166666666666667,0.55,0.3333333333333333
Colorado Rapids,accelerated_possession,414,0.42385786802030456,0.03594374023267929,0.7166666666666667,1.0,0.6
Colorado Rapids,attacking_freekick,95,0.8105263157894737,0.008247959715228338,0.05,0.43333333333333335,0.06666666666666667
Colorado Rapids,attacking_freekick_second_phase,27,0.2962962962962963,0.002344156971696475,0.16666666666666666,0.7333333333333333,0.06666666666666667
Colorado Rapids,attacking_throw_in,130,0.6796875,0.011286681715575621,0.26666666666666666,0.4666666666666667,0.26666666666666666
Colorado Rapids,buildup,1369,0.6240786240786241,0.11885744052786942,0.7666666666666667,0.5333333333333333,0.5333333333333333
Colorado Rapids,corner,187,0.23118279569892472,0.016235457544712624,0.8666666666666667,0.8,0.7
Colorado Rapids,corner_second_phase,85,0.3058823529411765,0.007379753429414829,0.6833333333333333,0.4666666666666667,0.6
Colorado Rapids,counterattack,46,0.32608695652173914,0.003993748914742142,0.7,0.2,0.5666666666666667
Colorado Rapids,finishing,767,0.37749287749287747,0.06659142212189616,0.8333333333333334,0.7333333333333333,0.8333333333333334
Colorado Rapids,high_transition,311,0.412751677852349,0.027001215488800138,0.48333333333333334,0.9666666666666667,0.3
Colorado Rapids,kickoff,98,0.5051546391752577,0.00850842160097239,0.13333333333333333,0.3333333333333333,0.1
Colorado Rapids,long_goalkick,100,0.31313131313131315,0.008682062858135093,0.5666666666666667,0.1,0.6
Colorado Rapids,penalty,3,0.0,0.0002604618857440528,0.15517241379310345,0.5172413793103449,0.1724137931034483
Colorado Rapids,possession_freekick,296,0.6413793103448275,0.025698906060079876,0.2,0.43333333333333335,0.16666666666666666
Colorado Rapids,possession_throw_in,478,0.4617067833698031,0.04150026046188574,0.8333333333333334,0.16666666666666666,0.8
Colorado Rapids,progression,2022,0.4783878504672897,0.17555131099149157,0.9,0.7666666666666667,0.8
Colorado Rapids,securing_possession,967,0.5500575373993095,0.08395554783816635,0.55,0.5,0.43333333333333335
Colorado Rapids,short_goalkick,135,0.5454545454545454,0.011720784858482375,0.15,0.55,0.13333333333333333
Columbus Crew,accelerated_possession,404,0.37851662404092073,0.04031936127744511,0.6,0.7,0.9666666666666667
Columbus Crew,attacking_freekick,126,0.7983870967741935,0.012574850299401197,0.26666666666666666,0.2,0.5333333333333333
Columbus Crew,attacking_freekick_second_phase,25,0.2,0.00249500998003992,0.06666666666666667,0.2,0.2
Columbus Crew,attacking_throw_in,106,0.7358490566037735,0.010578842315369262,0.03333333333333333,0.8333333333333334,0.1
Columbus Crew,buildup,1350,0.5909471919530596,0.1347305389221557,0.6666666666666666,0.3,1.0
Columbus Crew,corner,118,0.24786324786324787,0.011776447105788424,0.1,0.8666666666666667,0.13333333333333333
Columbus Crew,corner_second_phase,48,0.2708333333333333,0.004790419161676647,0.03333333333333333,0.16666666666666666,0.1
Columbus Crew,counterattack,50,0.46,0.00499001996007984,0.8333333333333334,0.8333333333333334,0.8666666666666667
Columbus Crew,finishing,427,0.3308641975308642,0.04261477045908184,0.1,0.1,0.13333333333333333
Columbus Crew,high_transition,246,0.32644628099173556,0.024550898203592814,0.06666666666666667,0.2,0.13333333333333333
Columbus Crew,kickoff,119,0.6206896551724138,0.01187624750499002,0.6333333333333333,0.9333333333333333,0.7333333333333333
Columbus Crew,long_goalkick,72,0.5633802816901409,0.00718562874251497,0.26666666666666666,1.0,0.3333333333333333
Columbus Crew,penalty,2,0.0,0.0001996007984031936,0.08620689655172414,0.5172413793103449,0.10344827586206896
Columbus Crew,possession_freekick,291,0.625,0.02904191616766467,0.16666666666666666,0.26666666666666666,0.5666666666666667
Columbus Crew,possession_throw_in,381,0.48501362397820164,0.03802395209580838,0.23333333333333334,0.4666666666666667,0.5
Columbus Crew,progression,1496,0.39217191097467385,0.14930139720558883,0.06666666666666667,0.06666666666666667,0.1
Columbus Crew,securing_possession,931,0.5450236966824644,0.09291417165668663,0.4,0.4,0.9
Columbus Crew,short_goalkick,158,0.5483870967741935,0.015768463073852296,0.6,0.6333333333333333,0.8
DC United,accelerated_possession,469,0.3549107142857143,0.03965167399391275,1.0,0.36666666666666664,0.9
DC United,attacking_freekick,147,0.8068965517241379,0.012428136624957727,0.6666666666666666,0.3,0.4666666666666667
DC United,attacking_freekick_second_phase,41,0.2682926829268293,0.0034663510314507946,0.7166666666666667,0.6,0.6666666666666666
DC United,attacking_throw_in,147,0.5753424657534246,0.012428136624957727,0.6,0.03333333333333333,0.4
DC United,buildup,1414,0.6365079365079365,0.11954683801149814,0.9,0.7333333333333333,0.5666666666666667
DC United,corner,178,0.15428571428571428,0.015049036185322962,0.6666666666666666,0.03333333333333333,0.5
DC United,corner_second_phase,91,0.38461538461538464,0.007693608386878593,0.9,0.8666666666666667,0.7333333333333333
DC United,counterattack,49,0.30612244897959184,0.004142712208319243,0.7833333333333333,0.13333333333333333,0.7
DC United,finishing,665,0.361198738170347,0.056222522827189716,0.7,0.4,0.5666666666666667
DC United,high_transition,341,0.338368580060423,0.028829895164017585,0.7666666666666667,0.26666666666666666,0.5
DC United,kickoff,89,0.4827586206896552,0.007524518092661481,0.03333333333333333,0.16666666666666666,0.03333333333333333
DC United,long_goalkick,53,0.4339622641509434,0.004480892796753466,0.1,0.7,0.06666666666666667
DC United,penalty,5,0.0,0.00042272573554277983,0.5,0.5172413793103449,0.4827586206896552
DC United,possession_freekick,367,0.6647887323943662,0.03102806898884004,0.9,0.7666666666666667,0.7666666666666667
DC United,possession_throw_in,464,0.48769574944071586,0.03922894825836997,0.7666666666666667,0.5333333333333333,0.7
DC United,progression,2049,0.4662471395881007,0.17323300642543119,0.9333333333333333,0.6666666666666666,0.6333333333333333
DC United,securing_possession,1012,0.5328310010764262,0.08555968887385865,0.8666666666666667,0.16666666666666666,0.5666666666666667
DC United,short_goalkick,157,0.5364238410596026,0.013273588096043287,0.5666666666666667,0.43333333333333335,0.3
FC Dallas,accelerated_possession,414,0.395,0.03456048084147258,0.7166666666666667,0.8333333333333334,0.4
FC Dallas,attacking_freekick,159,0.89171974522293,0.013273228149261207,0.8833333333333333,0.9,0.7666666666666667
FC Dallas,attacking_freekick_second_phase,46,0.2391304347826087,0.0038400534268302863,0.85,0.4666666666666667,0.7666666666666667
FC Dallas,attacking_throw_in,168,0.7239263803680982,0.014024542950162784,0.8666666666666667,0.7333333333333333,0.7666666666666667
FC Dallas,buildup,1326,0.6454767726161369,0.11069371399949912,0.5333333333333333,0.8333333333333334,0.1
FC Dallas,corner,226,0.17333333333333334,0.018866349444861843,1.0,0.16666666666666666,1.0
FC Dallas,corner_second_phase,98,0.35714285714285715,0.008180983387594957,0.9666666666666667,0.7,0.9333333333333333
FC Dallas,counterattack,40,0.525,0.003339176892895901,0.36666666666666664,0.9333333333333333,0.2
FC Dallas,finishing,886,0.35294117647058826,0.07396276817764422,1.0,0.3333333333333333,1.0
FC Dallas,high_transition,372,0.3878116343490305,0.03105434510393188,1.0,0.8666666666666667,0.8333333333333334
FC Dallas,kickoff,116,0.5350877192982456,0.009683612989398113,0.5166666666666667,0.43333333333333335,0.36666666666666664
FC Dallas,long_goalkick,58,0.41379310344827586,0.004841806494699057,0.13333333333333333,0.5,0.13333333333333333
FC Dallas,penalty,8,0.0,0.0006678353785791802,0.8448275862068966,0.5172413793103449,0.7931034482758621
FC Dallas,possession_freekick,345,0.6447761194029851,0.028800400701227146,0.8,0.5333333333333333,0.5333333333333333
FC Dallas,possession_throw_in,405,0.5331632653061225,0.033809166040571,0.43333333333333335,0.9,0.16666666666666666
FC Dallas,progression,2142,0.5293168370091447,0.17881292261457551,0.9666666666666667,1.0,0.9333333333333333
FC Dallas,securing_possession,1007,0.5481798715203426,0.08406377827865431,0.7833333333333333,0.43333333333333335,0.4666666666666667
FC Dallas,short_goalkick,173,0.5497076023391813,0.014441940061774773,0.8166666666666667,0.6666666666666666,0.5333333333333333
Houston Dynamo,accelerated_possession,384,0.3404255319148936,0.03664821530826494,0.4,0.16666666666666666,0.7
Houston Dynamo,attacking_freekick,166,0.8957055214723927,0.015842718075968695,1.0,0.9333333333333333,1.0
Houston Dynamo,attacking_freekick_second_phase,49,0.2653061224489796,0.004676464974231724,0.9,0.5666666666666667,0.9
Houston Dynamo,attacking_throw_in,172,0.625,0.016415346440160336,0.9,0.13333333333333333,0.9333333333333333
Houston Dynamo,buildup,1290,0.6230769230769231,0.12311509830120251,0.38333333333333336,0.5,0.7666666666666667
Houston Dynamo,corner,187,0.15846994535519127,0.017846917350639434,0.8666666666666667,0.06666666666666667,0.9666666666666667
Houston Dynamo,corner_second_phase,96,0.3854166666666667,0.009162053827066235,0.9333333333333333,0.9,1.0
Houston Dynamo,counterattack,39,0.41025641025641024,0.0037220843672456576,0.3,0.5666666666666667,0.36666666666666664
Houston Dynamo,finishing,504,0.3416149068322981,0.04810078259209773,0.2,0.2,0.23333333333333334
Houston Dynamo,high_transition,289,0.3262411347517731,0.02758159954189731,0.23333333333333334,0.16666666666666666,0.36666666666666664
Houston Dynamo,kickoff,111,0.5818181818181818,0.010593624737545333,0.4166666666666667,0.8,0.6333333333333333
Houston Dynamo,long_goalkick,78,0.47435897435897434,0.007444168734491315,0.35,0.8333333333333334,0.4
Houston Dynamo,penalty,4,0.0,0.0003817522427944264,0.29310344827586204,0.5172413793103449,0.3448275862068966
Houston Dynamo,possession_freekick,372,0.6759776536312849,0.03550295857988166,0.9333333333333333,0.8666666666666667,1.0
Houston Dynamo,possession_throw_in,410,0.4621212121212121,0.03912960488642871,0.5166666666666667,0.2,0.6666666666666666
Houston Dynamo,progression,1790,0.44537815126050423,0.17083412865050582,0.3333333333333333,0.4666666666666667,0.5666666666666667
Houston Dynamo,securing_possession,809,0.5138705416116248,0.07720939110517275,0.1,0.1,0.1
Houston Dynamo,short_goalkick,154,0.6381578947368421,0.014697461347585417,0.4,0.95,0.6
Inter Miami,accelerated_possession,367,0.3492957746478873,0.035241021701555596,0.2,0.23333333333333334,0.4666666666666667
Inter Miami,attacking_freekick,127,0.816,0.012195121951219513,0.3333333333333333,0.4666666666666667,0.4
Inter Miami,attacking_freekick_second_phase,34,0.29411764705882354,0.0032648357979642786,0.35,0.7,0.5333333333333333
Inter Miami,attacking_throw_in,113,0.7321428571428571,0.010850777799116574,0.16666666666666666,0.8,0.23333333333333334
Inter Miami,buildup,1215,0.5904159132007233,0.11666986748607644,0.1,0.26666666666666666,0.36666666666666664
Inter Miami,corner,139,0.2463768115942029,0.013347416938736317,0.16666666666666666,0.8333333333333334,0.26666666666666666
Inter Miami,corner_second_phase,49,0.20408163265306123,0.0047052045323602845,0.06666666666666667,0.06666666666666667,0.03333333333333333
Inter Miami,counterattack,37,0.4594594594594595,0.0035529095448434797,0.18333333333333332,0.8,0.3333333333333333
Inter Miami,finishing,549,0.3384321223709369,0.0527174956788938,0.3,0.16666666666666666,0.36666666666666664
Inter Miami,high_transition,303,0.386986301369863,0.029095448434799307,0.4,0.8333333333333334,0.5333333333333333
Inter Miami,kickoff,170,0.6428571428571429,0.016324178989821393,1.0,0.9666666666666667,1.0
Inter Miami,long_goalkick,64,0.421875,0.0061455732667562895,0.18333333333333332,0.6,0.23333333333333334
Inter Miami,penalty,1,0.0,9.602458229306702e-05,0.034482758620689655,0.5172413793103449,0.034482758620689655
Inter Miami,possession_freekick,310,0.6950819672131148,0.029767620510850776,0.4,0.9333333333333333,0.7333333333333333
Inter Miami,possession_throw_in,325,0.5047318611987381,0.031207989245246783,0.03333333333333333,0.7666666666666667,0.1
Inter Miami,progression,1692,0.42672998643147897,0.1624735932398694,0.13333333333333333,0.23333333333333334,0.3333333333333333
Inter Miami,securing_possession,983,0.5419847328244275,0.09439216439408489,0.6833333333333333,0.3333333333333333,0.9666666666666667
Inter Miami,short_goalkick,163,0.5679012345679012,0.015652006913769924,0.7,0.7666666666666667,0.7666666666666667
LA Galaxy,accelerated_possession,361,0.4131054131054131,0.03519204523298888,0.16666666666666666,0.9333333333333333,0.43333333333333335
LA Galaxy,attacking_freekick,136,0.8195488721804511,0.013257945018522128,0.4666666666666667,0.5,0.7333333333333333
LA Galaxy,attacking_freekick_second_phase,35,0.42857142857142855,0.003411971144472607,0.4166666666666667,1.0,0.6333333333333333
LA Galaxy,attacking_throw_in,110,0.7727272727272727,0.010723337882628192,0.1,1.0,0.16666666666666666
LA Galaxy,buildup,1157,0.6377799415774099,0.11279001754728017,0.03333333333333333,0.7666666666666667,0.16666666666666666
LA Galaxy,corner,172,0.1686746987951807,0.01676740105283681,0.6,0.13333333333333333,0.8666666666666667
LA Galaxy,corner_second_phase,72,0.3611111111111111,0.007018912068629362,0.3,0.7333333333333333,0.4
LA Galaxy,counterattack,39,0.28205128205128205,0.0038019107038409048,0.3,0.06666666666666667,0.4
LA Galaxy,finishing,654,0.3727422003284072,0.0637551179567167,0.6666666666666666,0.5666666666666667,0.7333333333333333
LA Galaxy,high_transition,321,0.35691318327974275,0.031292649639305906,0.6,0.4666666666666667,0.8666666666666667
LA Galaxy,kickoff,105,0.5784313725490197,0.01023591343341782,0.35,0.7666666666666667,0.5
LA Galaxy,long_goalkick,87,0.4186046511627907,0.00848118541626048,0.48333333333333334,0.5333333333333333,0.5
LA Galaxy,penalty,4,0.0,0.0003899395593682979,0.29310344827586204,0.5172413793103449,0.3793103448275862
LA Galaxy,possession_freekick,258,0.6144578313253012,0.025151101579255215,0.03333333333333333,0.13333333333333333,0.13333333333333333
LA Galaxy,possession_throw_in,391,0.5278514588859416,0.03811659192825112,0.3333333333333333,0.8666666666666667,0.6
LA Galaxy,progression,1792,0.48376408217362493,0.17469292259699745,0.36666666666666664,0.8333333333333334,0.7333333333333333
LA Galaxy,securing_possession,875,0.5990279465370595,0.08529927861181517,0.16666666666666666,0.9666666666666667,0.5
LA Galaxy,short_goalkick,156,0.5612903225806452,0.015207642815363619,0.5166666666666667,0.7166666666666667,0.6666666666666666
LAFC,accelerated_possession,321,0.3548387096774194,0.029240298779376936,0.03333333333333333,0.3333333333333333,0.03333333333333333
LAFC,attacking_freekick,142,0.851063829787234,0.012934960830752414,0.6,0.7333333333333333,0.6333333333333333
LAFC,attacking_freekick_second_phase,43,0.27906976744186046,0.0039169247586081255,0.7833333333333333,0.6666666666666666,0.8
LAFC,attacking_throw_in,137,0.7226277372262774,0.0124795044634724,0.43333333333333335,0.7,0.43333333333333335
LAFC,buildup,1385,0.6115166261151662,0.12616141373656403,0.8333333333333334,0.4,0.8333333333333334
LAFC,corner,159,0.1910828025477707,0.014483512479504463,0.3333333333333333,0.36666666666666664,0.3333333333333333
LAFC,corner_second_phase,85,0.3333333333333333,0.007742758243760248,0.6833333333333333,0.6333333333333333,0.8
LAFC,counterattack,37,0.3888888888888889,0.003370377117872108,0.18333333333333332,0.4,0.23333333333333334
LAFC,finishing,580,0.32667876588021777,0.05283293860448169,0.4,0.03333333333333333,0.4
LAFC,high_transition,311,0.30033003300330036,0.028329386044816905,0.48333333333333334,0.03333333333333333,0.43333333333333335
LAFC,kickoff,138,0.5474452554744526,0.012570595736928402,0.8666666666666667,0.6,0.8333333333333334
LAFC,long_goalkick,102,0.46534653465346537,0.009291309892512298,0.6666666666666666,0.8,0.6666666666666666
LAFC,penalty,4,0.0,0.00036436509382401167,0.29310344827586204,0.5172413793103449,0.3103448275862069
LAFC,possession_freekick,314,0.6416938110749185,0.028602659865184916,0.5,0.4666666666666667,0.5
LAFC,possession_throw_in,428,0.46731234866828086,0.038987065039169246,0.65,0.3333333333333333,0.6333333333333333
LAFC,progression,1927,0.42945163277880466,0.1755328839497176,0.6666666666666666,0.3,0.7666666666666667
LAFC,securing_possession,901,0.5130641330166271,0.08207323738385863,0.26666666666666666,0.06666666666666667,0.26666666666666666
LAFC,short_goalkick,169,0.5688622754491018,0.015394425214064493,0.7666666666666667,0.8,0.7333333333333333
Minnesota United,accelerated_possession,388,0.3776595744680851,0.03254487502096964,0.43333333333333335,0.6333333333333333,0.1
Minnesota United,attacking_freekick,156,0.9155844155844156,0.013085052843482638,0.8333333333333334,1.0,0.6666666666666666
Minnesota United,attacking_freekick_second_phase,58,0.20689655172413793,0.00486495554437175,1.0,0.23333333333333334,0.9333333333333333
Minnesota United,attacking_throw_in,159,0.6455696202531646,0.013336688475088072,0.7166666666666667,0.16666666666666666,0.6333333333333333
Minnesota United,buildup,1211,0.6982193064667291,0.1015769166247274,0.06666666666666667,1.0,0.03333333333333333
Minnesota United,corner,187,0.2,0.01568528770340547,0.8666666666666667,0.48333333333333334,0.5666666666666667
Minnesota United,corner_second_phase,87,0.3218390804597701,0.007297433316557625,0.7833333333333333,0.6,0.5666666666666667
Minnesota United,counterattack,35,0.5428571428571428,0.0029357490353967455,0.06666666666666667,1.0,0.03333333333333333
Minnesota United,finishing,796,0.34459459459459457,0.06676732091930884,0.9,0.23333333333333334,0.8666666666666667
Minnesota United,high_transition,360,0.32463768115942027,0.03019627579265224,0.9333333333333333,0.13333333333333333,0.7333333333333333
Minnesota United,kickoff,125,0.6782608695652174,0.010484817983559805,0.7,1.0,0.5333333333333333
Minnesota United,long_goalkick,85,0.40476190476190477,0.007129676228820668,0.43333333333333335,0.4,0.3
Minnesota United,penalty,5,0.0,0.0004193927193423922,0.5,0.5172413793103449,0.4482758620689655
Minnesota United,possession_freekick,340,0.6226993865030674,0.02851870491528267,0.7666666666666667,0.2,0.4666666666666667
Minnesota United,possession_throw_in,369,0.49291784702549574,0.030951182687468545,0.1,0.6666666666666666,0.06666666666666667
Minnesota United,progression,2300,0.49654071314529,0.1929206508975004,1.0,0.8666666666666667,1.0
Minnesota United,securing_possession,993,0.5232815964523282,0.0832913940613991,0.7333333333333333,0.13333333333333333,0.36666666666666664
Minnesota United,short_goalkick,124,0.5691056910569106,0.010400939439691326,0.03333333333333333,0.8333333333333334,0.03333333333333333
Nashville SC,accelerated_possession,407,0.37948717948717947,0.037619003604769385,0.6333333333333333,0.7333333333333333,0.7666666666666667
Nashville SC,attacking_freekick,137,0.8059701492537313,0.012662907847305666,0.5,0.26666666666666666,0.5666666666666667
Nashville SC,attacking_freekick_second_phase,41,0.325,0.0037896293557630094,0.7166666666666667,0.9,0.7333333333333333
Nashville SC,attacking_throw_in,138,0.6985294117647058,0.01275533783159257,0.48333333333333334,0.5666666666666667,0.5
Nashville SC,buildup,1356,0.6339814032121724,0.12533505869304,0.7,0.6,0.8
Nashville SC,corner,113,0.21621621621621623,0.010444588224420001,0.03333333333333333,0.6333333333333333,0.03333333333333333
Nashville SC,corner_second_phase,51,0.37254901960784315,0.0047139291986320365,0.1,0.8333333333333334,0.06666666666666667
Nashville SC,counterattack,34,0.3235294117647059,0.003142619465754691,0.03333333333333333,0.16666666666666666,0.06666666666666667
Nashville SC,finishing,543,0.37598425196850394,0.05018948146778815,0.26666666666666666,0.6666666666666666,0.26666666666666666
Nashville SC,high_transition,288,0.37543859649122807,0.02661983547462797,0.2,0.7666666666666667,0.26666666666666666
Nashville SC,kickoff,114,0.5575221238938053,0.010537018208706905,0.4666666666666667,0.6666666666666666,0.6
Nashville SC,long_goalkick,52,0.28846153846153844,0.004806359182918939,0.06666666666666667,0.03333333333333333,0.1
Nashville SC,penalty,5,0.0,0.00046214992143451335,0.5,0.5172413793103449,0.5517241379310345
Nashville SC,possession_freekick,381,0.659400544959128,0.035215824013309915,0.9666666666666667,0.7333333333333333,0.9666666666666667
Nashville SC,possession_throw_in,427,0.45965770171149145,0.03946760329050744,0.6,0.1,0.7666666666666667
Nashville SC,progression,1817,0.4438058748403576,0.16794528144930215,0.43333333333333335,0.43333333333333335,0.43333333333333335
Nashville SC,securing_possession,944,0.5402298850574713,0.08725390516683612,0.43333333333333335,0.3,0.7
Nashville SC,short_goalkick,189,0.45989304812834225,0.017469267030224604,0.9,0.06666666666666667,0.9666666666666667
New England Revolution,accelerated_possession,403,0.36910994764397903,0.03574913510157012,0.5666666666666667,0.5,0.5666666666666667
New England Revolution,attacking_freekick,139,0.7753623188405797,0.012330346846447264,0.5666666666666667,0.11666666666666667,0.43333333333333335
New England Revolution,attacking_freekick_second_phase,36,0.2222222222222222,0.003193471125698572,0.5,0.38333333333333336,0.4666666666666667
New England Revolution,attacking_throw_in,159,0.6516129032258065,0.01410449747183536,0.7166666666666667,0.23333333333333334,0.8
New England Revolution,buildup,1288,0.6342756183745583,0.11425530027499335,0.3333333333333333,0.6333333333333333,0.26666666666666666
New England Revolution,corner,147,0.18493150684931506,0.013040007096602501,0.3,0.3,0.23333333333333334
New England Revolution,corner_second_phase,73,0.5,0.006475649782666549,0.3333333333333333,1.0,0.3
New England Revolution,counterattack,43,0.5116279069767442,0.0038144238445844054,0.5833333333333334,0.8833333333333333,0.43333333333333335
New England Revolution,finishing,727,0.37091988130563797,0.06449037523285726,0.8,0.5333333333333333,0.7666666666666667
New England Revolution,high_transition,334,0.41846153846153844,0.029628315443981194,0.7333333333333333,1.0,0.6333333333333333
New England Revolution,kickoff,105,0.5825242718446602,0.009314290783287502,0.35,0.8333333333333334,0.26666666666666666
New England Revolution,long_goalkick,84,0.4939759036144578,0.0074514326266300005,0.4,0.9666666666666667,0.43333333333333335
New England Revolution,penalty,4,0.0,0.0003548301250776191,0.29310344827586204,0.5172413793103449,0.20689655172413793
New England Revolution,possession_freekick,331,0.6489028213166145,0.02936219285017298,0.7333333333333333,0.6333333333333333,0.6333333333333333
New England Revolution,possession_throw_in,405,0.6005154639175257,0.035926550164108936,0.43333333333333335,1.0,0.26666666666666666
New England Revolution,progression,1958,0.453812771233726,0.17368934622549453,0.7666666666666667,0.5333333333333333,0.6666666666666666
New England Revolution,securing_possession,929,0.5581947743467933,0.08240929654927703,0.36666666666666664,0.5666666666666667,0.3333333333333333
New England Revolution,short_goalkick,148,0.547945205479452,0.013128714627871907,0.23333333333333334,0.6,0.26666666666666666
New York City FC,accelerated_possession,354,0.36257309941520466,0.031607142857142854,0.1,0.43333333333333335,0.06666666666666667
New York City FC,attacking_freekick,159,0.8333333333333334,0.014196428571428572,0.8833333333333333,0.6333333333333333,0.8666666666666667
New York City FC,attacking_freekick_second_phase,46,0.1956521739130435,0.004107142857142857,0.85,0.16666666666666666,0.8666666666666667
New York City FC,attacking_throw_in,200,0.7715736040609137,0.017857142857142856,0.9666666666666667,0.9666666666666667,0.9666666666666667
New York City FC,buildup,1290,0.6013745704467354,0.11517857142857142,0.38333333333333336,0.3333333333333333,0.3
New York City FC,corner,189,0.2192513368983957,0.016875,0.9666666666666667,0.7,0.9
New York City FC,corner_second_phase,79,0.28205128205128205,0.007053571428571428,0.4666666666666667,0.25,0.43333333333333335
New York City FC,counterattack,45,0.35555555555555557,0.0040178571428571425,0.65,0.3333333333333333,0.6333333333333333
New York City FC,finishing,537,0.3560311284046693,0.04794642857142857,0.23333333333333334,0.36666666666666664,0.2
New York City FC,high_transition,316,0.3741935483870968,0.028214285714285713,0.5333333333333333,0.7,0.4
New York City FC,kickoff,118,0.5042735042735043,0.010535714285714285,0.6,0.3,0.5666666666666667
New York City FC,long_goalkick,101,0.42,0.009017857142857143,0.6166666666666667,0.5666666666666667,0.6333333333333333
New York City FC,penalty,4,0.0,0.00035714285714285714,0.29310344827586204,0.5172413793103449,0.2413793103448276
New York City FC,possession_freekick,279,0.6420664206642066,0.024910714285714286,0.13333333333333333,0.5,0.1
New York City FC,possession_throw_in,533,0.48717948717948717,0.047589285714285716,0.9333333333333333,0.5,0.9333333333333333
New York City FC,progression,1704,0.45423956931359355,0.15214285714285714,0.16666666666666666,0.5666666666666667,0.2
New York City FC,securing_possession,1041,0.5425311203319502,0.09294642857142857,0.9333333333333333,0.36666666666666664,0.9333333333333333
New York City FC,short_goalkick,151,0.4966887417218543,0.013482142857142857,0.3333333333333333,0.23333333333333334,0.36666666666666664
New York Red Bulls,accelerated_possession,417,0.3805970149253731,0.03612892046439092,0.8,0.7666666666666667,0.6333333333333333
New York Red Bulls,attacking_freekick,149,0.8299319727891157,0.012909374458499394,0.7,0.6,0.6
New York Red Bulls,attacking_freekick_second_phase,38,0.2631578947368421,0.00329232368740253,0.6333333333333333,0.5333333333333333,0.5666666666666667
New York Red Bulls,attacking_throw_in,161,0.66875,0.013949055622942297,0.7666666666666667,0.3333333333333333,0.7333333333333333
New York Red Bulls,buildup,1501,0.5468277945619335,0.13004678565239994,1.0,0.03333333333333333,0.9
New York Red Bulls,corner,141,0.24822695035460993,0.012216253682204125,0.21666666666666667,0.9,0.16666666666666666
New York Red Bulls,corner_second_phase,69,0.36231884057971014,0.005978166695546699,0.2,0.7666666666666667,0.16666666666666666
New York Red Bulls,counterattack,60,0.4406779661016949,0.005198405822214521,0.9166666666666666,0.7333333333333333,0.9333333333333333
New York Red Bulls,finishing,494,0.39748953974895396,0.04280020793623289,0.16666666666666666,1.0,0.16666666666666666
New York Red Bulls,high_transition,260,0.3438735177865613,0.022526425229596258,0.13333333333333333,0.36666666666666664,0.06666666666666667
New York Red Bulls,kickoff,116,0.4818181818181818,0.010050251256281407,0.5166666666666667,0.13333333333333333,0.4666666666666667
New York Red Bulls,long_goalkick,108,0.330188679245283,0.009357130479986138,0.7666666666666667,0.13333333333333333,0.7
New York Red Bulls,penalty,3,0.0,0.00025992029111072604,0.15517241379310345,0.5172413793103449,0.13793103448275862
New York Red Bulls,possession_freekick,328,0.6025236593059937,0.028417951828106046,0.6333333333333333,0.03333333333333333,0.4
New York Red Bulls,possession_throw_in,556,0.4894433781190019,0.04817189395252123,0.9666666666666667,0.5666666666666667,0.9666666666666667
New York Red Bulls,progression,1735,0.40093395597064707,0.15032056835903657,0.23333333333333334,0.13333333333333333,0.13333333333333333
New York Red Bulls,securing_possession,967,0.5388888888888889,0.0837809738346907,0.55,0.26666666666666666,0.4
New York Red Bulls,short_goalkick,151,0.4503311258278146,0.013082654652573212,0.3333333333333333,0.03333333333333333,0.23333333333333334
Orlando City,accelerated_possession,393,0.3482849604221636,0.0356689054274823,0.4666666666666667,0.2,0.5333333333333333
Orlando City,attacking_freekick,120,0.8083333333333333,0.010891268832819023,0.16666666666666666,0.36666666666666664,0.16666666666666666
Orlando City,attacking_freekick_second_phase,26,0.11538461538461539,0.002359774913777455,0.1,0.03333333333333333,0.1
Orlando City,attacking_throw_in,131,0.7076923076923077,0.0118896351424941,0.3,0.6333333333333333,0.3333333333333333
Orlando City,buildup,1224,0.6432432432432432,0.11109094209475404,0.13333333333333333,0.8,0.13333333333333333
Orlando City,corner,164,0.18292682926829268,0.014884734071519332,0.4,0.26666666666666666,0.4666666666666667
Orlando City,corner_second_phase,80,0.2875,0.0072608458885460156,0.5166666666666667,0.3,0.5
Orlando City,counterattack,39,0.38461538461538464,0.0035396623706661825,0.3,0.36666666666666664,0.3
Orlando City,finishing,810,0.3268983268983269,0.0735160646215284,0.9333333333333333,0.06666666666666667,0.9666666666666667
Orlando City,high_transition,348,0.34310850439882695,0.031584679615175165,0.8,0.3333333333333333,0.9333333333333333
Orlando City,kickoff,147,0.6013986013986014,0.013341804320203304,0.9666666666666667,0.9,0.9333333333333333
Orlando City,long_goalkick,114,0.4824561403508772,0.010346705391178072,0.9,0.9333333333333333,0.8666666666666667
Orlando City,penalty,4,0.0,0.0003630422944273008,0.29310344827586204,0.5172413793103449,0.27586206896551724
Orlando City,possession_freekick,274,0.6865671641791045,0.024868397168270103,0.1,0.9,0.06666666666666667
Orlando City,possession_throw_in,329,0.46540880503144655,0.02986022871664549,0.06666666666666667,0.26666666666666666,0.03333333333333333
Orlando City,progression,1954,0.5026548672566372,0.17734616082773644,0.7333333333333333,0.9333333333333333,0.8333333333333334
Orlando City,securing_possession,905,0.5903187721369539,0.08213831911417681,0.3,0.9333333333333333,0.3
Orlando City,short_goalkick,144,0.528169014084507,0.013069522599382828,0.2,0.4,0.2
Philadelphia Union,accelerated_possession,401,0.33163265306122447,0.03341109815030828,0.5333333333333333,0.06666666666666667,0.2
Philadelphia Union,attacking_freekick,138,0.7753623188405797,0.011498083652724546,0.5333333333333333,0.11666666666666667,0.3333333333333333
Philadelphia Union,attacking_freekick_second_phase,35,0.14285714285714285,0.0029161806365605733,0.4166666666666667,0.1,0.26666666666666666
Philadelphia Union,attacking_throw_in,144,0.6642857142857143,0.011998000333277787,0.5333333333333333,0.3,0.36666666666666664
Philadelphia Union,buildup,1436,0.6080557707203718,0.11964672554574238,0.9333333333333333,0.36666666666666664,0.6333333333333333
Philadelphia Union,corner,134,0.20454545454545456,0.011164805865689052,0.13333333333333333,0.5666666666666667,0.06666666666666667
Philadelphia Union,corner_second_phase,74,0.3150684931506849,0.006165639060156641,0.38333333333333336,0.5333333333333333,0.2
Philadelphia Union,counterattack,41,0.2926829268292683,0.0034160973171138143,0.4166666666666667,0.1,0.26666666666666666
Philadelphia Union,finishing,395,0.34805194805194806,0.03291118146975504,0.03333333333333333,0.3,0.03333333333333333
Philadelphia Union,high_transition,249,0.3237704918032787,0.020746542242959506,0.1,0.1,0.03333333333333333
Philadelphia Union,kickoff,117,0.43478260869565216,0.009748375270788203,0.5666666666666667,0.1,0.4
Philadelphia Union,long_goalkick,104,0.39805825242718446,0.008665222462922846,0.7333333333333333,0.3,0.5666666666666667
Philadelphia Union,penalty,5,0.0,0.0004165972337943676,0.5,0.5172413793103449,0.41379310344827586
Philadelphia Union,possession_freekick,394,0.6501305483028721,0.03282786202299617,1.0,0.6666666666666666,0.9
Philadelphia Union,possession_throw_in,585,0.45373665480427045,0.04874187635394101,1.0,0.03333333333333333,1.0
Philadelphia Union,progression,1808,0.3888888888888889,0.1506415597400433,0.4,0.03333333333333333,0.16666666666666666
Philadelphia Union,securing_possession,1091,0.4955223880597015,0.09090151641393102,1.0,0.03333333333333333,0.8
Philadelphia Union,short_goalkick,197,0.5392670157068062,0.016413931011498083,1.0,0.5,0.8666666666666667
Portland Timbers,accelerated_possession,436,0.32935560859188545,0.03840056367799894,0.9333333333333333,0.03333333333333333,0.8333333333333334
Portland Timbers,attacking_freekick,165,0.8353658536585366,0.014532323410251893,0.9666666666666667,0.6666666666666666,0.9
Portland Timbers,attacking_freekick_second_phase,57,0.21052631578947367,0.0050202571780870175,0.9666666666666667,0.26666666666666666,0.9666666666666667
Portland Timbers,attacking_throw_in,123,0.675,0.010833186542187775,0.23333333333333334,0.36666666666666664,0.2
Portland Timbers,buildup,1380,0.6305057096247961,0.12154306852210675,0.8,0.5666666666666667,0.6666666666666666
Portland Timbers,corner,172,0.19883040935672514,0.015148846221595914,0.6,0.43333333333333335,0.5333333333333333
Portland Timbers,corner_second_phase,89,0.2696629213483146,0.007838647172802537,0.8333333333333334,0.13333333333333333,0.8333333333333334
Portland Timbers,counterattack,64,0.28125,0.005636779989431038,0.9833333333333333,0.03333333333333333,1.0
Portland Timbers,finishing,633,0.37,0.05575127708296636,0.6,0.5,0.5333333333333333
Portland Timbers,high_transition,359,0.3400576368876081,0.03161881275321472,0.8833333333333333,0.3,0.9666666666666667
Portland Timbers,kickoff,103,0.5,0.009071692795490575,0.26666666666666666,0.26666666666666666,0.2
Portland Timbers,long_goalkick,111,0.3944954128440367,0.009776290294169456,0.8333333333333334,0.23333333333333334,0.8
Portland Timbers,penalty,6,0.0,0.0005284481240091598,0.6551724137931034,0.5172413793103449,0.6206896551724138
Portland Timbers,possession_freekick,262,0.6342412451361867,0.02307556808173331,0.06666666666666667,0.36666666666666664,0.03333333333333333
Portland Timbers,possession_throw_in,380,0.4609164420485175,0.033468381187246786,0.18333333333333332,0.13333333333333333,0.13333333333333333
Portland Timbers,progression,1847,0.446360153256705,0.16267394750748634,0.4666666666666667,0.5,0.36666666666666664
Portland Timbers,securing_possession,979,0.5646794150731158,0.0862251189008279,0.6333333333333333,0.6666666666666666,0.6333333333333333
Portland Timbers,short_goalkick,135,0.5864661654135338,0.011890082790206095,0.15,0.8666666666666667,0.16666666666666666
Real Salt Lake,accelerated_possession,375,0.33879781420765026,0.03441945846718678,0.25,0.1,0.36666666666666664
Real Salt Lake,attacking_freekick,143,0.7692307692307693,0.01312528682882056,0.6333333333333333,0.06666666666666667,0.7
Real Salt Lake,attacking_freekick_second_phase,43,0.23255813953488372,0.003946764570904085,0.7833333333333333,0.43333333333333335,0.8333333333333334
Real Salt Lake,attacking_throw_in,116,0.6810344827586207,0.01064708581918311,0.2,0.5,0.13333333333333333
Real Salt Lake,buildup,1332,0.5845896147403685,0.12225791647544745,0.5666666666666667,0.2,0.7
Real Salt Lake,corner,171,0.2634730538922156,0.015695273061037174,0.5333333333333333,0.9666666666666667,0.6
Real Salt Lake,corner_second_phase,71,0.3188405797101449,0.0065167508031206975,0.25,0.5666666666666667,0.3333333333333333
Real Salt Lake,counterattack,43,0.5116279069767442,0.003946764570904085,0.5833333333333334,0.8833333333333333,0.5333333333333333
Real Salt Lake,finishing,576,0.375,0.0528682882055989,0.36666666666666664,0.6,0.43333333333333335
Real Salt Lake,high_transition,274,0.3660377358490566,0.025149150986691144,0.16666666666666666,0.5333333333333333,0.16666666666666666
Real Salt Lake,kickoff,102,0.5353535353535354,0.009362092703074806,0.23333333333333334,0.48333333333333334,0.3
Real Salt Lake,long_goalkick,125,0.432,0.011473152822395595,0.9333333333333333,0.6333333333333333,0.9333333333333333
Real Salt Lake,penalty,8,0.0,0.000734281780633318,0.8448275862068966,0.5172413793103449,0.8620689655172413
Real Salt Lake,possession_freekick,363,0.7110481586402266,0.03331803579623681,0.8666666666666667,1.0,0.9333333333333333
Real Salt Lake,possession_throw_in,405,0.5217391304347826,0.03717301514456173,0.43333333333333335,0.8,0.4
Real Salt Lake,progression,1758,0.43276762402088775,0.16135842129417163,0.3,0.3333333333333333,0.3
Real Salt Lake,securing_possession,881,0.5747549019607843,0.08086278109224415,0.2,0.8,0.2
Real Salt Lake,short_goalkick,151,0.46621621621621623,0.013859568609453877,0.3333333333333333,0.1,0.4666666666666667
San Diego FC,accelerated_possession,346,0.3493975903614458,0.03397152675503191,0.06666666666666667,0.26666666666666666,0.3333333333333333
San Diego FC,attacking_freekick,153,0.8079470198675497,0.015022091310751105,0.7666666666666667,0.3333333333333333,0.9333333333333333
San Diego FC,attacking_freekick_second_phase,32,0.21875,0.0031418753068237605,0.26666666666666666,0.3333333333333333,0.4
San Diego FC,attacking_throw_in,132,0.676923076923077,0.012960235640648013,0.3333333333333333,0.4,0.5333333333333333
San Diego FC,buildup,1316,0.5704584040747029,0.12920962199312716,0.43333333333333335,0.1,0.8666666666666667
San Diego FC,corner,117,0.2,0.011487481590574375,0.06666666666666667,0.48333333333333334,0.1
San Diego FC,corner_second_phase,65,0.40625,0.006381934216985763,0.16666666666666666,0.9666666666666667,0.23333333333333334
San Diego FC,counterattack,42,0.35,0.004123711340206186,0.5,0.3,0.6666666666666666
San Diego FC,finishing,422,0.3762135922330097,0.04143348060873834,0.06666666666666667,0.7,0.06666666666666667
San Diego FC,high_transition,299,0.3127147766323024,0.02935689739813451,0.31666666666666665,0.06666666666666667,0.6
San Diego FC,kickoff,136,0.41353383458646614,0.013352970054000981,0.8333333333333334,0.03333333333333333,0.9666666666666667
San Diego FC,long_goalkick,109,0.37037037037037035,0.010702012763868434,0.8,0.2,0.9
San Diego FC,penalty,7,0.0,0.0006872852233676976,0.7586206896551724,0.5172413793103449,0.8275862068965517
San Diego FC,possession_freekick,319,0.6129032258064516,0.03132056946489936,0.5666666666666667,0.06666666666666667,0.8
San Diego FC,possession_throw_in,387,0.5,0.03799705449189985,0.26666666666666666,0.7333333333333333,0.4666666666666667
San Diego FC,progression,1494,0.3968253968253968,0.14668630338733432,0.03333333333333333,0.1,0.03333333333333333
San Diego FC,securing_possession,1008,0.5765472312703583,0.09896907216494845,0.8333333333333334,0.8666666666666667,1.0
San Diego FC,short_goalkick,155,0.474025974025974,0.01521845851742759,0.45,0.16666666666666666,0.7
San Jose Earthquakes,accelerated_possession,396,0.360313315926893,0.03397100454662435,0.5,0.4,0.3
San Jose Earthquakes,attacking_freekick,163,0.7901234567901234,0.013983014497726688,0.9333333333333333,0.16666666666666666,0.8333333333333334
San Jose Earthquakes,attacking_freekick_second_phase,36,0.3055555555555556,0.0030882731406022134,0.5,0.7833333333333333,0.36666666666666664
San Jose Earthquakes,attacking_throw_in,138,0.6838235294117647,0.011838380372308483,0.48333333333333334,0.5333333333333333,0.3
San Jose Earthquakes,buildup,1321,0.563392107472712,0.11332246718709788,0.4666666666666667,0.06666666666666667,0.23333333333333334
San Jose Earthquakes,corner,169,0.17964071856287425,0.014497726687827056,0.5,0.23333333333333334,0.36666666666666664
San Jose Earthquakes,corner_second_phase,90,0.30337078651685395,0.007720682851505533,0.8666666666666667,0.43333333333333335,0.7666666666666667
San Jose Earthquakes,counterattack,64,0.40625,0.005490263361070601,0.9833333333333333,0.5333333333333333,0.9666666666666667
San Jose Earthquakes,finishing,614,0.36395147313691506,0.05267221412027108,0.4666666666666667,0.4666666666666667,0.3333333333333333
San Jose Earthquakes,high_transition,298,0.3275862068965517,0.025564038774984987,0.26666666666666666,0.23333333333333334,0.2
San Jose Earthquakes,kickoff,141,0.55,0.012095736467358668,0.9,0.6333333333333333,0.7666666666666667
San Jose Earthquakes,long_goalkick,157,0.3974358974358974,0.013468302307626318,1.0,0.26666666666666666,1.0
San Jose Earthquakes,penalty,2,0.0,0.00017157073003345628,0.08620689655172414,0.5172413793103449,0.06896551724137931
San Jose Earthquakes,possession_freekick,305,0.6245847176079734,0.026164536330102083,0.35,0.23333333333333334,0.23333333333333334
San Jose Earthquakes,possession_throw_in,516,0.46613545816733065,0.04426524834863172,0.9,0.3,0.8666666666666667
San Jose Earthquakes,progression,1723,0.414021164021164,0.14780818392382258,0.2,0.16666666666666666,0.06666666666666667
San Jose Earthquakes,securing_possession,1075,0.5381565906838454,0.09221926739298275,0.9666666666666667,0.23333333333333334,0.8666666666666667
San Jose Earthquakes,short_goalkick,162,0.4968944099378882,0.01389722913270996,0.6666666666666666,0.26666666666666666,0.5
Seattle Sounders,accelerated_possession,356,0.37797619047619047,0.03333333333333333,0.13333333333333333,0.6666666666666666,0.16666666666666666
Seattle Sounders,attacking_freekick,123,0.8455284552845529,0.011516853932584269,0.23333333333333334,0.7,0.36666666666666664
Seattle Sounders,attacking_freekick_second_phase,31,0.3225806451612903,0.0029026217228464418,0.23333333333333334,0.8333333333333334,0.23333333333333334
Seattle Sounders,attacking_throw_in,136,0.6992481203007519,0.012734082397003745,0.4,0.6,0.4666666666666667
Seattle Sounders,buildup,1256,0.5752293577981651,0.11760299625468165,0.2,0.16666666666666666,0.4
Seattle Sounders,corner,144,0.22535211267605634,0.01348314606741573,0.26666666666666666,0.7666666666666667,0.3
Seattle Sounders,corner_second_phase,77,0.2597402597402597,0.007209737827715355,0.43333333333333335,0.1,0.4666666666666667
Seattle Sounders,counterattack,45,0.3409090909090909,0.004213483146067416,0.65,0.26666666666666666,0.7333333333333333
Seattle Sounders,finishing,610,0.3758620689655172,0.05711610486891386,0.43333333333333335,0.6333333333333333,0.6333333333333333
Seattle Sounders,high_transition,330,0.36645962732919257,0.03089887640449438,0.6833333333333333,0.5666666666666667,0.8
Seattle Sounders,kickoff,120,0.48333333333333334,0.011235955056179775,0.6666666666666666,0.2,0.6666666666666666
Seattle Sounders,long_goalkick,101,0.41,0.009456928838951311,0.6166666666666667,0.43333333333333335,0.7333333333333333
Seattle Sounders,penalty,7,0.0,0.0006554307116104869,0.7586206896551724,0.5172413793103449,0.7586206896551724
Seattle Sounders,possession_freekick,313,0.6290322580645161,0.029307116104868913,0.4666666666666667,0.3,0.6
Seattle Sounders,possession_throw_in,396,0.455026455026455,0.03707865168539326,0.36666666666666664,0.06666666666666667,0.36666666666666664
Seattle Sounders,progression,1747,0.46983050847457625,0.16357677902621723,0.26666666666666666,0.7333333333333333,0.4
Seattle Sounders,securing_possession,978,0.5688888888888889,0.09157303370786517,0.6,0.7,0.8333333333333334
Seattle Sounders,short_goalkick,173,0.47337278106508873,0.016198501872659175,0.8166666666666667,0.13333333333333333,0.8333333333333334
Sporting Kansas City,accelerated_possession,425,0.4211822660098522,0.0383539391751647,0.9,0.9666666666666667,0.8
Sporting Kansas City,attacking_freekick,108,0.8240740740740741,0.009746412778630087,0.13333333333333333,0.5666666666666667,0.1
Sporting Kansas City,attacking_freekick_second_phase,27,0.18518518518518517,0.0024366031946575217,0.16666666666666666,0.13333333333333333,0.13333333333333333
Sporting Kansas City,attacking_throw_in,112,0.6486486486486487,0.01010739102969046,0.13333333333333333,0.2,0.06666666666666667
Sporting Kansas City,buildup,1477,0.6134060795011691,0.13329121920404297,0.9666666666666667,0.43333333333333335,0.9666666666666667
Sporting Kansas City,corner,161,0.2546583850931677,0.014529374605180037,0.36666666666666664,0.9333333333333333,0.4
Sporting Kansas City,corner_second_phase,71,0.29577464788732394,0.006407363956321631,0.25,0.3333333333333333,0.26666666666666666
Sporting Kansas City,counterattack,51,0.39215686274509803,0.004602472701019764,0.8666666666666667,0.43333333333333335,0.8333333333333334
Sporting Kansas City,finishing,615,0.3852739726027397,0.055500406100532446,0.5,0.8333333333333334,0.5
Sporting Kansas City,high_transition,302,0.375,0.02725385795505821,0.36666666666666664,0.7333333333333333,0.3333333333333333
Sporting Kansas City,kickoff,104,0.5384615384615384,0.009385434527569713,0.3,0.5333333333333333,0.3333333333333333
Sporting Kansas City,long_goalkick,48,0.3125,0.004331739012724483,0.03333333333333333,0.06666666666666667,0.03333333333333333
Sporting Kansas City,penalty,9,0.0,0.0008122010648858406,0.9310344827586207,0.5172413793103449,0.9310344827586207
Sporting Kansas City,possession_freekick,328,0.6476190476190476,0.029600216586950636,0.6333333333333333,0.5666666666666667,0.7
Sporting Kansas City,possession_throw_in,380,0.49056603773584906,0.034292933850735494,0.18333333333333332,0.6333333333333333,0.23333333333333334
Sporting Kansas City,progression,1865,0.4681933842239186,0.1683061095568992,0.5333333333333333,0.7,0.4666666666666667
Sporting Kansas City,securing_possession,1007,0.5640473627556513,0.09087627470444906,0.7833333333333333,0.6333333333333333,0.7666666666666667
Sporting Kansas City,short_goalkick,193,0.5364583333333334,0.017417200613663027,0.9333333333333333,0.4666666666666667,0.9333333333333333
St. Louis City,accelerated_possession,413,0.3533834586466165,0.03633324535937363,0.6666666666666666,0.3,0.6666666666666666
St. Louis City,attacking_freekick,130,0.8015873015873016,0.011436614762030438,0.4,0.23333333333333334,0.3
St. Louis City,attacking_freekick_second_phase,37,0.35135135135135137,0.003255036509193279,0.5833333333333334,0.9333333333333333,0.5
St. Louis City,attacking_throw_in,155,0.7142857142857143,0.0136359637547286,0.6666666666666666,0.6666666666666666,0.7
St. Louis City,buildup,1232,0.6350752878653676,0.1083839183601654,0.16666666666666666,0.7,0.06666666666666667
St. Louis City,corner,187,0.2185792349726776,0.016451130465382248,0.8666666666666667,0.6666666666666666,0.7666666666666667
St. Louis City,corner_second_phase,87,0.313953488372093,0.007653734494589602,0.7833333333333333,0.5,0.6666666666666666
St. Louis City,counterattack,48,0.4166666666666667,0.00422275006598047,0.7333333333333333,0.6666666666666666,0.7666666666666667
St. Louis City,finishing,817,0.39113428943937417,0.0718747250813759,0.9666666666666667,0.9333333333333333,0.9333333333333333
St. Louis City,high_transition,359,0.35276967930029157,0.0315826515351456,0.8833333333333333,0.43333333333333335,0.9
St. Louis City,kickoff,111,0.5405405405405406,0.009765109527579837,0.4166666666666667,0.5666666666666667,0.43333333333333335
St. Louis City,long_goalkick,142,0.4326241134751773,0.012492302278525557,0.9666666666666667,0.6666666666666666,0.9666666666666667
St. Louis City,penalty,9,0.0,0.000791765637371338,0.9310344827586207,0.5172413793103449,0.896551724137931
St. Louis City,possession_freekick,305,0.6722408026755853,0.026832057710917567,0.35,0.8333333333333334,0.26666666666666666
St. Louis City,possession_throw_in,433,0.5542452830188679,0.03809272455353215,0.7,0.9666666666666667,0.5666666666666667
St. Louis City,progression,1937,0.5184964200477327,0.17040555995425355,0.7,0.9666666666666667,0.5333333333333333
St. Louis City,securing_possession,915,0.6014405762304922,0.0804961731327527,0.3333333333333333,1.0,0.16666666666666666
St. Louis City,short_goalkick,131,0.5114503816793893,0.011524588721738366,0.1,0.3333333333333333,0.1
Toronto FC,accelerated_possession,419,0.3677581863979849,0.036890297587603454,0.85,0.4666666666666667,0.7333333333333333
Toronto FC,attacking_freekick,127,0.8629032258064516,0.011181546046839233,0.3333333333333333,0.8666666666666667,0.2
Toronto FC,attacking_freekick_second_phase,36,0.3055555555555556,0.003169572107765452,0.5,0.7833333333333333,0.43333333333333335
Toronto FC,attacking_throw_in,208,0.6780487804878049,0.0183130832893115,1.0,0.43333333333333335,1.0
Toronto FC,buildup,1342,0.6738013698630136,0.11815460468392322,0.6166666666666667,0.9333333333333333,0.43333333333333335
Toronto FC,corner,187,0.21978021978021978,0.016464166226448317,0.8666666666666667,0.7333333333333333,0.8
Toronto FC,corner_second_phase,84,0.27710843373493976,0.007395668251452721,0.6333333333333333,0.2,0.6333333333333333
Toronto FC,counterattack,37,0.40540540540540543,0.0032576157774256032,0.18333333333333332,0.5,0.1
Toronto FC,finishing,616,0.3954305799648506,0.054234900510653286,0.5333333333333333,0.9666666666666667,0.4666666666666667
Toronto FC,high_transition,299,0.38275862068965516,0.02632505722838528,0.31666666666666665,0.8,0.23333333333333334
Toronto FC,kickoff,100,0.5353535353535354,0.008804366966015144,0.2,0.48333333333333334,0.16666666666666666
Toronto FC,long_goalkick,64,0.453125,0.005634794858249692,0.18333333333333332,0.7333333333333333,0.16666666666666666
Toronto FC,penalty,5,0.0,0.0004402183483007572,0.5,0.5172413793103449,0.5172413793103449
Toronto FC,possession_freekick,311,0.6135593220338983,0.027381581264307096,0.43333333333333335,0.1,0.3333333333333333
Toronto FC,possession_throw_in,479,0.49333333333333335,0.04217291776721254,0.8666666666666667,0.7,0.8333333333333334
Toronto FC,progression,2020,0.44296922148461076,0.1778482127135059,0.8666666666666667,0.4,0.9
Toronto FC,securing_possession,983,0.571917808219178,0.08654692727592886,0.6833333333333333,0.7666666666666667,0.6666666666666666
Toronto FC,short_goalkick,155,0.6381578947368421,0.013646768797323473,0.45,0.95,0.43333333333333335
Vancouver Whitecaps,accelerated_possession,419,0.34,0.040982003129890456,0.85,0.13333333333333333,1.0
Vancouver Whitecaps,attacking_freekick,155,0.9096774193548387,0.015160406885758999,0.8,0.9666666666666667,0.9666666666666667
Vancouver Whitecaps,attacking_freekick_second_phase,55,0.2727272727272727,0.005379499217527386,0.9333333333333333,0.6333333333333333,1.0
Vancouver Whitecaps,attacking_throw_in,134,0.7251908396946565,0.01310641627543036,0.36666666666666664,0.7666666666666667,0.5666666666666667
Vancouver Whitecaps,buildup,1358,0.5704809286898839,0.1328247261345853,0.7333333333333333,0.13333333333333333,0.9333333333333333
Vancouver Whitecaps,corner,166,0.18633540372670807,0.016236306729264474,0.4666666666666667,0.3333333333333333,0.7333333333333333
Vancouver Whitecaps,corner_second_phase,83,0.30120481927710846,0.008118153364632237,0.5833333333333334,0.38333333333333336,0.9
Vancouver Whitecaps,counterattack,41,0.4146341463414634,0.004010172143974961,0.4166666666666667,0.6333333333333333,0.6
Vancouver Whitecaps,finishing,432,0.38095238095238093,0.04225352112676056,0.13333333333333333,0.7666666666666667,0.1
Vancouver Whitecaps,high_transition,239,0.37339055793991416,0.023376369327073553,0.03333333333333333,0.6333333333333333,0.1
Vancouver Whitecaps,kickoff,133,0.5193798449612403,0.013008607198748044,0.7666666666666667,0.36666666666666664,0.9
Vancouver Whitecaps,long_goalkick,87,0.4823529411764706,0.008509389671361502,0.48333333333333334,0.9,0.5333333333333333
Vancouver Whitecaps,penalty,5,0.0,0.0004890453834115806,0.5,0.5172413793103449,0.5862068965517241
Vancouver Whitecaps,possession_freekick,329,0.6293929712460063,0.032179186228482,0.7,0.3333333333333333,0.8333333333333334
Vancouver Whitecaps,possession_throw_in,470,0.46308724832214765,0.04597026604068857,0.8,0.23333333333333334,0.9
Vancouver Whitecaps,progression,1566,0.41679049034175336,0.15316901408450703,0.1,0.2,0.23333333333333334
Vancouver Whitecaps,securing_possession,787,0.5502063273727648,0.07697574334898279,0.06666666666666667,0.5333333333333333,0.06666666666666667
Vancouver Whitecaps,short_goalkick,194,0.49732620320855614,0.018974960876369327,0.9666666666666667,0.3,1.0
Atlanta United,high_ball,1528,,0.14141601110596946,0.7333333333333333,,0.9
Atlanta United,loose_ball,2355,,0.21795465062471078,0.2,,0.43333333333333335
Austin FC,high_ball,1467,,0.1361611286430295,0.5333333333333333,,0.7666666666666667
Austin FC,loose_ball,2177,,0.20206051605717468,0.03333333333333333,,0.03333333333333333
CF Montreal,high_ball,1469,,0.13166621851752264,0.5666666666666667,,0.5666666666666667
CF Montreal,loose_ball,2526,,0.22640494756655014,0.8333333333333334,,0.7666666666666667
Charlotte,high_ball,1269,,0.11574242977015688,0.13333333333333333,,0.03333333333333333
Charlotte,loose_ball,2293,,0.20913900036483035,0.13333333333333333,,0.16666666666666666
Chicago Fire,high_ball,1359,,0.12217926818304414,0.3333333333333333,,0.16666666666666666
Chicago Fire,loose_ball,2519,,0.22646767958284636,0.8,,0.8
Cincinnati,high_ball,1549,,0.133247311827957,0.7666666666666667,,0.6
Cincinnati,loose_ball,2621,,0.22546236559139785,0.9,,0.7
Colorado Rapids,high_ball,1559,,0.1353533599583261,0.8,,0.7333333333333333
Colorado Rapids,loose_ball,2429,,0.2108873068241014,0.4,,0.2
Columbus Crew,high_ball,1202,,0.11996007984031937,0.03333333333333333,,0.1
Columbus Crew,loose_ball,2468,,0.24630738522954093,0.6,,1.0
DC United,high_ball,1651,,0.1395840378762259,0.8666666666666667,,0.8666666666666667
DC United,loose_ball,2439,,0.206205613797768,0.4666666666666667,,0.06666666666666667
FC Dallas,high_ball,1487,,0.12413390099340513,0.6333333333333333,,0.23333333333333334
FC Dallas,loose_ball,2503,,0.20894899407296103,0.7333333333333333,,0.13333333333333333
Houston Dynamo,high_ball,1334,,0.1273143729719412,0.23333333333333334,,0.43333333333333335
Houston Dynamo,loose_ball,2240,,0.2137812559648788,0.06666666666666667,,0.23333333333333334
Inter Miami,high_ball,1264,,0.12137507201843672,0.1,,0.13333333333333333
Inter Miami,loose_ball,2509,,0.24092567697330516,0.7666666666666667,,0.9666666666666667
LA Galaxy,high_ball,1218,,0.11873659582764672,0.06666666666666667,,0.06666666666666667
LA Galaxy,loose_ball,2315,,0.2256775199844024,0.16666666666666666,,0.7333333333333333
LAFC,high_ball,1343,,0.12233558025141192,0.26666666666666666,,0.2
LAFC,loose_ball,2452,,0.22335580251411916,0.5666666666666667,,0.6333333333333333
Minnesota United,high_ball,1656,,0.1389028686462003,0.9333333333333333,,0.8333333333333334
Minnesota United,loose_ball,2488,,0.20868981714477436,0.6666666666666666,,0.1
Nashville SC,high_ball,1421,,0.1313430076716887,0.4,,0.5333333333333333
Nashville SC,loose_ball,2361,,0.2182271929013772,0.23333333333333334,,0.4666666666666667
New England Revolution,high_ball,1525,,0.13527898518584228,0.7,,0.7
New England Revolution,loose_ball,2435,,0.21600283864100062,0.43333333333333335,,0.3333333333333333
New York City FC,high_ball,1505,,0.134375,0.6666666666666666,,0.6666666666666666
New York City FC,loose_ball,2549,,0.22758928571428572,0.8666666666666667,,0.8333333333333334
New York Red Bulls,high_ball,1654,,0.14330272049904696,0.9,,0.9666666666666667
New York Red Bulls,loose_ball,2634,,0.22821001559521747,0.9666666666666667,,0.8666666666666667
Orlando City,high_ball,1424,,0.12924305681611908,0.43333333333333335,,0.4666666666666667
Orlando City,loose_ball,2388,,0.21673624977309858,0.3333333333333333,,0.36666666666666664
Philadelphia Union,high_ball,1987,,0.1655557407098817,1.0,,1.0
Philadelphia Union,loose_ball,2667,,0.22221296450591568,1.0,,0.5333333333333333
Portland Timbers,high_ball,1569,,0.13818918442839528,0.8333333333333334,,0.8
Portland Timbers,loose_ball,2484,,0.21877752333979214,0.6333333333333333,,0.5
Real Salt Lake,high_ball,1458,,0.13382285452042222,0.5,,0.6333333333333333
Real Salt Lake,loose_ball,2500,,0.22946305644791187,0.7,,0.9
San Diego FC,high_ball,1276,,0.12528227785959745,0.16666666666666666,,0.3
San Diego FC,loose_ball,2370,,0.23269513991163476,0.26666666666666666,,0.9333333333333333
San Jose Earthquakes,high_ball,1664,,0.14274684738783563,0.9666666666666667,,0.9333333333333333
San Jose Earthquakes,loose_ball,2623,,0.22501501243887792,0.9333333333333333,,0.6666666666666666
Seattle Sounders,high_ball,1354,,0.12677902621722847,0.3,,0.4
Seattle Sounders,loose_ball,2383,,0.22312734082397004,0.3,,0.6
Sporting Kansas City,high_ball,1383,,0.12480823030412418,0.36666666666666664,,0.26666666666666666
Sporting Kansas City,loose_ball,2415,,0.21794061907770057,0.36666666666666664,,0.4
St. Louis City,high_ball,1473,,0.12958564264977568,0.6,,0.5
St. Louis City,loose_ball,2446,,0.21518430544558811,0.5,,0.26666666666666666
Toronto FC,high_ball,1435,,0.1263426659623173,0.4666666666666667,,0.3333333333333333
Toronto FC,loose_ball,2451,,0.21579503433703118,0.5333333333333333,,0.3
Vancouver Whitecaps,high_ball,1293,,0.12646713615023475,0.2,,0.36666666666666664
Vancouver Whitecaps,loose_ball,2278,,0.22280907668231612,0.1,,0.5666666666666667
